{
  "Resting task": {
    "Delta": {
      "Global Efficiency": 0.6495535714285714,
      "Local Efficiency": 0.610748078614475,
      "Average Clustering Coefficient": 0.28728333995784433
    },
    "Theta": {
      "Global Efficiency": 0.6500496031746031,
      "Local Efficiency": 0.6737584546493416,
      "Average Clustering Coefficient": 0.36368101778235956
    },
    "Alpha": {
      "Global Efficiency": 0.6492228835978837,
      "Local Efficiency": 0.5751059439737856,
      "Average Clustering Coefficient": 0.25976651376798576
    },
    "Beta": {
      "Global Efficiency": 0.6482308201058207,
      "Local Efficiency": 0.6511344664742691,
      "Average Clustering Coefficient": 0.3651822023735228
    },
    "Gamma": {
      "Global Efficiency": 0.6496362433862434,
      "Local Efficiency": 0.6571800142574008,
      "Average Clustering Coefficient": 0.354480490914627
    }
  },
  "Counting task 1": {
    "Delta": {
      "Global Efficiency": 0.6490575396825397,
      "Local Efficiency": 0.6328955407601179,
      "Average Clustering Coefficient": 0.3324597593162686
    },
    "Theta": {
      "Global Efficiency": 0.6479001322751322,
      "Local Efficiency": 0.6273988457945261,
      "Average Clustering Coefficient": 0.3412125236285992
    },
    "Alpha": {
      "Global Efficiency": 0.649222883597884,
      "Local Efficiency": 0.6612680259643894,
      "Average Clustering Coefficient": 0.3815824416615193
    },
    "Beta": {
      "Global Efficiency": 0.6497189153439155,
      "Local Efficiency": 0.6662127496602454,
      "Average Clustering Coefficient": 0.3670065540796382
    },
    "Gamma": {
      "Global Efficiency": 0.6495535714285714,
      "Local Efficiency": 0.6904808075592137,
      "Average Clustering Coefficient": 0.4175490283661963
    }
  },
  "Word formation task": {
    "Delta": {
      "Global Efficiency": 0.6500496031746031,
      "Local Efficiency": 0.7698084672845436,
      "Average Clustering Coefficient": 0.5398122983162517
    },
    "Theta": {
      "Global Efficiency": 0.6464947089947094,
      "Local Efficiency": 0.5958683837491012,
      "Average Clustering Coefficient": 0.3074316768238968
    },
    "Alpha": {
      "Global Efficiency": 0.6454199735449728,
      "Local Efficiency": 0.6779677108384222,
      "Average Clustering Coefficient": 0.43374005338999466
    },
    "Beta": {
      "Global Efficiency": 0.644179894179894,
      "Local Efficiency": 0.6337818640871433,
      "Average Clustering Coefficient": 0.34633896219307636
    },
    "Gamma": {
      "Global Efficiency": 0.6292989417989423,
      "Local Efficiency": 0.676607711888493,
      "Average Clustering Coefficient": 0.4568333194821181
    }
  },
  "Counting task 2": {
    "Delta": {
      "Global Efficiency": 0.649305555555556,
      "Local Efficiency": 0.6064651438759027,
      "Average Clustering Coefficient": 0.30424978165319194
    },
    "Theta": {
      "Global Efficiency": 0.6493882275132274,
      "Local Efficiency": 0.6098656735301405,
      "Average Clustering Coefficient": 0.298817510429681
    },
    "Alpha": {
      "Global Efficiency": 0.646990740740741,
      "Local Efficiency": 0.6262734961004581,
      "Average Clustering Coefficient": 0.3224177577066499
    },
    "Beta": {
      "Global Efficiency": 0.6497189153439155,
      "Local Efficiency": 0.6477790199591666,
      "Average Clustering Coefficient": 0.34992632835942
    },
    "Gamma": {
      "Global Efficiency": 0.6484788359788367,
      "Local Efficiency": 0.6500379178036899,
      "Average Clustering Coefficient": 0.35262032095124857
    }
  },
  "Imaginary defecation task": {
    "Delta": {
      "Global Efficiency": 0.6442625661375653,
      "Local Efficiency": 0.6562031757518041,
      "Average Clustering Coefficient": 0.3900356279989422
    },
    "Theta": {
      "Global Efficiency": 0.6450066137566144,
      "Local Efficiency": 0.5289540488180451,
      "Average Clustering Coefficient": 0.26017216720547864
    },
    "Alpha": {
      "Global Efficiency": 0.6491402116402116,
      "Local Efficiency": 0.6656014785019878,
      "Average Clustering Coefficient": 0.37332017442393267
    },
    "Beta": {
      "Global Efficiency": 0.6493055555555557,
      "Local Efficiency": 0.7004137813605211,
      "Average Clustering Coefficient": 0.4321826476068834
    },
    "Gamma": {
      "Global Efficiency": 0.6467427248677248,
      "Local Efficiency": 0.7560331528103954,
      "Average Clustering Coefficient": 0.5577119986698164
    }
  },
  "Simulated defecation task": {
    "Delta": {
      "Global Efficiency": 0.6497189153439155,
      "Local Efficiency": 0.6930417334743822,
      "Average Clustering Coefficient": 0.4136970709054312
    },
    "Theta": {
      "Global Efficiency": 0.6494708994708999,
      "Local Efficiency": 0.6383172674803362,
      "Average Clustering Coefficient": 0.3437691318005344
    },
    "Alpha": {
      "Global Efficiency": 0.6497189153439153,
      "Local Efficiency": 0.6772385955807857,
      "Average Clustering Coefficient": 0.4033807414080232
    },
    "Beta": {
      "Global Efficiency": 0.6493055555555557,
      "Local Efficiency": 0.677651756720567,
      "Average Clustering Coefficient": 0.38712875252788254
    },
    "Gamma": {
      "Global Efficiency": 0.6496362433862435,
      "Local Efficiency": 0.6934432895102731,
      "Average Clustering Coefficient": 0.4099499895229143
    }
  },
  "Imaginary anal contraction task": {
    "Delta": {
      "Global Efficiency": 0.6493882275132277,
      "Local Efficiency": 0.6397561532653319,
      "Average Clustering Coefficient": 0.3409340697491785
    },
    "Theta": {
      "Global Efficiency": 0.6490575396825395,
      "Local Efficiency": 0.6673966358737653,
      "Average Clustering Coefficient": 0.3769368561089096
    },
    "Alpha": {
      "Global Efficiency": 0.6493055555555558,
      "Local Efficiency": 0.6737874971529977,
      "Average Clustering Coefficient": 0.3807198079714432
    },
    "Beta": {
      "Global Efficiency": 0.648892195767196,
      "Local Efficiency": 0.5838677166541378,
      "Average Clustering Coefficient": 0.29696381885276085
    },
    "Gamma": {
      "Global Efficiency": 0.6493055555555556,
      "Local Efficiency": 0.7328365430236283,
      "Average Clustering Coefficient": 0.47255242741217485
    }
  },
  "Simulated anal contraction task": {
    "Delta": {
      "Global Efficiency": 0.645750661375661,
      "Local Efficiency": 0.6155815471219449,
      "Average Clustering Coefficient": 0.3145432473008989
    },
    "Theta": {
      "Global Efficiency": 0.6484788359788357,
      "Local Efficiency": 0.6410482292043195,
      "Average Clustering Coefficient": 0.34599833792275697
    },
    "Alpha": {
      "Global Efficiency": 0.6469907407407403,
      "Local Efficiency": 0.6193481528213562,
      "Average Clustering Coefficient": 0.3197957545794745
    },
    "Beta": {
      "Global Efficiency": 0.6493055555555556,
      "Local Efficiency": 0.7014085443140877,
      "Average Clustering Coefficient": 0.4256716107004
    },
    "Gamma": {
      "Global Efficiency": 0.6498015873015873,
      "Local Efficiency": 0.7128322625152315,
      "Average Clustering Coefficient": 0.43395090499034067
    }
  }
}