{
  "Resting task": {
    "Delta": {
      "Global Efficiency": 0.6494708994708995,
      "Local Efficiency": 0.6451344714710671,
      "Average Clustering Coefficient": 0.33759566761377025
    },
    "Theta": {
      "Global Efficiency": 0.6499669312169312,
      "Local Efficiency": 0.7231645522238634,
      "Average Clustering Coefficient": 0.4547105744460965
    },
    "Alpha": {
      "Global Efficiency": 0.6500496031746031,
      "Local Efficiency": 0.7652823428535611,
      "Average Clustering Coefficient": 0.531465923226809
    },
    "Beta": {
      "Global Efficiency": 0.6500496031746031,
      "Local Efficiency": 0.8087447646803482,
      "Average Clustering Coefficient": 0.6174963997750942
    },
    "Gamma": {
      "Global Efficiency": 0.6496362433862434,
      "Local Efficiency": 0.696771521897272,
      "Average Clustering Coefficient": 0.41727020216144384
    }
  },
  "Counting task 1": {
    "Delta": {
      "Global Efficiency": 0.6500496031746031,
      "Local Efficiency": 0.8852843683508216,
      "Average Clustering Coefficient": 0.7705687367016429
    },
    "Theta": {
      "Global Efficiency": 0.6500496031746031,
      "Local Efficiency": 0.5259594373958412,
      "Average Clustering Coefficient": 0.3519188747916825
    },
    "Alpha": {
      "Global Efficiency": 0.6500496031746031,
      "Local Efficiency": 0.8332791472863528,
      "Average Clustering Coefficient": 0.6665582945727057
    },
    "Beta": {
      "Global Efficiency": 0.6500496031746031,
      "Local Efficiency": 0.8286511644904888,
      "Average Clustering Coefficient": 0.6582056288974361
    },
    "Gamma": {
      "Global Efficiency": 0.6500496031746031,
      "Local Efficiency": 0.8756206754717242,
      "Average Clustering Coefficient": 0.7512413509434489
    }
  },
  "Word formation task": {
    "Delta": {
      "Global Efficiency": 0.6495535714285714,
      "Local Efficiency": 0.5804231160905283,
      "Average Clustering Coefficient": 0.27208590239317154
    },
    "Theta": {
      "Global Efficiency": 0.6478174603174605,
      "Local Efficiency": 0.4409157924123618,
      "Average Clustering Coefficient": 0.19662251979448753
    },
    "Alpha": {
      "Global Efficiency": 0.6500496031746031,
      "Local Efficiency": 0.7318462742117421,
      "Average Clustering Coefficient": 0.46394571600041645
    },
    "Beta": {
      "Global Efficiency": 0.6499669312169313,
      "Local Efficiency": 0.7541286376034365,
      "Average Clustering Coefficient": 0.5186999499520413
    },
    "Gamma": {
      "Global Efficiency": 0.6500496031746031,
      "Local Efficiency": 0.8084887671751915,
      "Average Clustering Coefficient": 0.6169835835180175
    }
  },
  "Counting task 2": {
    "Delta": {
      "Global Efficiency": 0.6499669312169313,
      "Local Efficiency": 0.706075367929598,
      "Average Clustering Coefficient": 0.4249857494380675
    },
    "Theta": {
      "Global Efficiency": 0.6500496031746031,
      "Local Efficiency": 0.6795671369286944,
      "Average Clustering Coefficient": 0.3679497836794873
    },
    "Alpha": {
      "Global Efficiency": 0.6500496031746031,
      "Local Efficiency": 0.7545998953546256,
      "Average Clustering Coefficient": 0.5123995322763962
    },
    "Beta": {
      "Global Efficiency": 0.6500496031746031,
      "Local Efficiency": 0.8653374739401875,
      "Average Clustering Coefficient": 0.7306749478803751
    },
    "Gamma": {
      "Global Efficiency": 0.6500496031746031,
      "Local Efficiency": 0.8868004770849084,
      "Average Clustering Coefficient": 0.7736009541698162
    }
  },
  "Imaginary defecation task": {
    "Delta": {
      "Global Efficiency": 0.6500496031746031,
      "Local Efficiency": 0.8139051819802122,
      "Average Clustering Coefficient": 0.6278103639604243
    },
    "Theta": {
      "Global Efficiency": 0.6500496031746031,
      "Local Efficiency": 0.7729071116376088,
      "Average Clustering Coefficient": 0.5464802874216736
    },
    "Alpha": {
      "Global Efficiency": 0.6500496031746031,
      "Local Efficiency": 0.836032697546367,
      "Average Clustering Coefficient": 0.672065395092734
    },
    "Beta": {
      "Global Efficiency": 0.6498015873015873,
      "Local Efficiency": 0.7569964539328013,
      "Average Clustering Coefficient": 0.516031054078898
    },
    "Gamma": {
      "Global Efficiency": 0.6500496031746031,
      "Local Efficiency": 0.7752353670371992,
      "Average Clustering Coefficient": 0.5559931387867235
    }
  },
  "Simulated defecation task": {
    "Delta": {
      "Global Efficiency": 0.6498842592592592,
      "Local Efficiency": 0.774001962834704,
      "Average Clustering Coefficient": 0.548470598030097
    },
    "Theta": {
      "Global Efficiency": 0.6500496031746031,
      "Local Efficiency": 0.7832496878153291,
      "Average Clustering Coefficient": 0.5665676816415873
    },
    "Alpha": {
      "Global Efficiency": 0.6499669312169313,
      "Local Efficiency": 0.7920747758474822,
      "Average Clustering Coefficient": 0.5851497123880454
    },
    "Beta": {
      "Global Efficiency": 0.6500496031746031,
      "Local Efficiency": 0.8014475453026969,
      "Average Clustering Coefficient": 0.6030163502202607
    },
    "Gamma": {
      "Global Efficiency": 0.6500496031746031,
      "Local Efficiency": 0.8095906208088405,
      "Average Clustering Coefficient": 0.6191812416176811
    }
  },
  "Imaginary anal contraction task": {
    "Delta": {
      "Global Efficiency": 0.6499669312169312,
      "Local Efficiency": 0.7325317564396284,
      "Average Clustering Coefficient": 0.4698899487892841
    },
    "Theta": {
      "Global Efficiency": 0.6499669312169312,
      "Local Efficiency": 0.7848445131795009,
      "Average Clustering Coefficient": 0.5865957849918414
    },
    "Alpha": {
      "Global Efficiency": 0.6500496031746031,
      "Local Efficiency": 0.8398836120061232,
      "Average Clustering Coefficient": 0.6797672240122463
    },
    "Beta": {
      "Global Efficiency": 0.6500496031746031,
      "Local Efficiency": 0.8193270958419868,
      "Average Clustering Coefficient": 0.6386541916839739
    },
    "Gamma": {
      "Global Efficiency": 0.6500496031746031,
      "Local Efficiency": 0.7488384880358452,
      "Average Clustering Coefficient": 0.49893119535236985
    }
  },
  "Simulated anal contraction task": {
    "Delta": {
      "Global Efficiency": 0.6498015873015873,
      "Local Efficiency": 0.7592295312458993,
      "Average Clustering Coefficient": 0.5217709107795644
    },
    "Theta": {
      "Global Efficiency": 0.6497189153439157,
      "Local Efficiency": 0.7285050971629764,
      "Average Clustering Coefficient": 0.47007782211240107
    },
    "Alpha": {
      "Global Efficiency": 0.6500496031746031,
      "Local Efficiency": 0.7887153064936946,
      "Average Clustering Coefficient": 0.5779464519897586
    },
    "Beta": {
      "Global Efficiency": 0.6500496031746031,
      "Local Efficiency": 0.8535484065832337,
      "Average Clustering Coefficient": 0.7070994800038121
    },
    "Gamma": {
      "Global Efficiency": 0.6498015873015873,
      "Local Efficiency": 0.7504964284768304,
      "Average Clustering Coefficient": 0.5154555369084471
    }
  }
}