{
  "Resting task": {
    "Delta": {
      "Global Efficiency": 0.6219411375661377,
      "Local Efficiency": 0.523213022709517,
      "Average Clustering Coefficient": 0.2570407661072086
    },
    "Theta": {
      "Global Efficiency": 0.625,
      "Local Efficiency": 0.6831622442536723,
      "Average Clustering Coefficient": 0.404458393801813
    },
    "Alpha": {
      "Global Efficiency": 0.6230985449735449,
      "Local Efficiency": 0.544328736738449,
      "Average Clustering Coefficient": 0.26994438280321004
    },
    "Beta": {
      "Global Efficiency": 0.625,
      "Local Efficiency": 0.7610578910413774,
      "Average Clustering Coefficient": 0.5342729733123448
    },
    "Gamma": {
      "Global Efficiency": 0.625,
      "Local Efficiency": 0.7313863780710569,
      "Average Clustering Coefficient": 0.4863071646622795
    }
  },
  "Counting task 1": {
    "Delta": {
      "Global Efficiency": 0.625,
      "Local Efficiency": 0.7799411918699938,
      "Average Clustering Coefficient": 0.560050723826527
    },
    "Theta": {
      "Global Efficiency": 0.625,
      "Local Efficiency": 0.6029750429433056,
      "Average Clustering Coefficient": 0.407327573151608
    },
    "Alpha": {
      "Global Efficiency": 0.625,
      "Local Efficiency": 0.781416043708952,
      "Average Clustering Coefficient": 0.5629867639838717
    },
    "Beta": {
      "Global Efficiency": 0.625,
      "Local Efficiency": 0.8195034847433015,
      "Average Clustering Coefficient": 0.6390549725587998
    },
    "Gamma": {
      "Global Efficiency": 0.625,
      "Local Efficiency": 0.7364118845538781,
      "Average Clustering Coefficient": 0.4730683952993777
    }
  },
  "Word formation task": {
    "Delta": {
      "Global Efficiency": 0.6247519841269841,
      "Local Efficiency": 0.738995153729699,
      "Average Clustering Coefficient": 0.49736475806862085
    },
    "Theta": {
      "Global Efficiency": 0.6232638888888887,
      "Local Efficiency": 0.5810985328878343,
      "Average Clustering Coefficient": 0.295563171627208
    },
    "Alpha": {
      "Global Efficiency": 0.6201223544973542,
      "Local Efficiency": 0.5963299274934807,
      "Average Clustering Coefficient": 0.31872747417782776
    },
    "Beta": {
      "Global Efficiency": 0.6249173280423281,
      "Local Efficiency": 0.7012840337290854,
      "Average Clustering Coefficient": 0.44872985080155714
    },
    "Gamma": {
      "Global Efficiency": 0.625,
      "Local Efficiency": 0.7592607287710008,
      "Average Clustering Coefficient": 0.5185544916182232
    }
  },
  "Counting task 2": {
    "Delta": {
      "Global Efficiency": 0.625,
      "Local Efficiency": 0.8497882299483813,
      "Average Clustering Coefficient": 0.6995764598967621
    },
    "Theta": {
      "Global Efficiency": 0.625,
      "Local Efficiency": 0.7798440626239421,
      "Average Clustering Coefficient": 0.563973960608216
    },
    "Alpha": {
      "Global Efficiency": 0.625,
      "Local Efficiency": 0.7296713169794479,
      "Average Clustering Coefficient": 0.4700762046699072
    },
    "Beta": {
      "Global Efficiency": 0.625,
      "Local Efficiency": 0.7839409768855929,
      "Average Clustering Coefficient": 0.5681033012707596
    },
    "Gamma": {
      "Global Efficiency": 0.625,
      "Local Efficiency": 0.8525135940420137,
      "Average Clustering Coefficient": 0.7050271880840276
    }
  },
  "Imaginary defecation task": {
    "Delta": {
      "Global Efficiency": 0.60176917989418,
      "Local Efficiency": 0.5269746627041175,
      "Average Clustering Coefficient": 0.26390067860367283
    },
    "Theta": {
      "Global Efficiency": 0.6208664021164026,
      "Local Efficiency": 0.6121535462238363,
      "Average Clustering Coefficient": 0.36305196668153683
    },
    "Alpha": {
      "Global Efficiency": 0.6238425925925929,
      "Local Efficiency": 0.5937666795862678,
      "Average Clustering Coefficient": 0.2995207563558645
    },
    "Beta": {
      "Global Efficiency": 0.6239252645502646,
      "Local Efficiency": 0.7267510652560478,
      "Average Clustering Coefficient": 0.4763343883129052
    },
    "Gamma": {
      "Global Efficiency": 0.625,
      "Local Efficiency": 0.7154058654322486,
      "Average Clustering Coefficient": 0.46627731327028726
    }
  },
  "Simulated defecation task": {
    "Delta": {
      "Global Efficiency": 0.6229332010582012,
      "Local Efficiency": 0.6421327312119224,
      "Average Clustering Coefficient": 0.38558523194868083
    },
    "Theta": {
      "Global Efficiency": 0.6240740740740742,
      "Local Efficiency": 0.7062187770074335,
      "Average Clustering Coefficient": 0.47018623302184964
    },
    "Alpha": {
      "Global Efficiency": 0.6242890211640213,
      "Local Efficiency": 0.7056846843682418,
      "Average Clustering Coefficient": 0.4629790098004511
    },
    "Beta": {
      "Global Efficiency": 0.6225363756613757,
      "Local Efficiency": 0.6732647190808236,
      "Average Clustering Coefficient": 0.4312910666959812
    },
    "Gamma": {
      "Global Efficiency": 0.6242890211640212,
      "Local Efficiency": 0.7488954853371222,
      "Average Clustering Coefficient": 0.5267629985640219
    }
  },
  "Imaginary anal contraction task": {
    "Delta": {
      "Global Efficiency": 0.6180555555555555,
      "Local Efficiency": 0.4900510881558937,
      "Average Clustering Coefficient": 0.2473811435676006
    },
    "Theta": {
      "Global Efficiency": 0.6247519841269843,
      "Local Efficiency": 0.7257121431892622,
      "Average Clustering Coefficient": 0.4730572606593438
    },
    "Alpha": {
      "Global Efficiency": 0.6245866402116402,
      "Local Efficiency": 0.7585736132199701,
      "Average Clustering Coefficient": 0.5307661979421238
    },
    "Beta": {
      "Global Efficiency": 0.625,
      "Local Efficiency": 0.7790731291734102,
      "Average Clustering Coefficient": 0.5583702726837386
    },
    "Gamma": {
      "Global Efficiency": 0.625,
      "Local Efficiency": 0.8220458861561506,
      "Average Clustering Coefficient": 0.6441077733363669
    }
  },
  "Simulated anal contraction task": {
    "Delta": {
      "Global Efficiency": 0.6235284391534391,
      "Local Efficiency": 0.6788043215571828,
      "Average Clustering Coefficient": 0.41417051536232724
    },
    "Theta": {
      "Global Efficiency": 0.6248511904761905,
      "Local Efficiency": 0.7296946115337425,
      "Average Clustering Coefficient": 0.4769923580956365
    },
    "Alpha": {
      "Global Efficiency": 0.6231150793650795,
      "Local Efficiency": 0.6457268521202824,
      "Average Clustering Coefficient": 0.37509371655175416
    },
    "Beta": {
      "Global Efficiency": 0.6249503968253969,
      "Local Efficiency": 0.7571757039050337,
      "Average Clustering Coefficient": 0.5320906642149265
    },
    "Gamma": {
      "Global Efficiency": 0.6240575396825395,
      "Local Efficiency": 0.7351572583660779,
      "Average Clustering Coefficient": 0.49747398467213594
    }
  }
}