{
  "Resting task": {
    "Delta": {
      "Global Efficiency": 0.6220238095238098,
      "Local Efficiency": 0.5078933874549273,
      "Average Clustering Coefficient": 0.24749725065308942
    },
    "Theta": {
      "Global Efficiency": 0.6192129629629625,
      "Local Efficiency": 0.49354544680962914,
      "Average Clustering Coefficient": 0.24671563388103115
    },
    "Alpha": {
      "Global Efficiency": 0.6240906084656085,
      "Local Efficiency": 0.6724044500622594,
      "Average Clustering Coefficient": 0.3896891935155267
    },
    "Beta": {
      "Global Efficiency": 0.625,
      "Local Efficiency": 0.8271606569372042,
      "Average Clustering Coefficient": 0.6543406408413202
    },
    "Gamma": {
      "Global Efficiency": 0.6246693121693122,
      "Local Efficiency": 0.798240172189071,
      "Average Clustering Coefficient": 0.5983444089814124
    }
  },
  "Counting task 1": {
    "Delta": {
      "Global Efficiency": 0.6249173280423281,
      "Local Efficiency": 0.7827781708007063,
      "Average Clustering Coefficient": 0.5682917132481242
    },
    "Theta": {
      "Global Efficiency": 0.625,
      "Local Efficiency": 0.7941280087978094,
      "Average Clustering Coefficient": 0.5891087449711897
    },
    "Alpha": {
      "Global Efficiency": 0.625,
      "Local Efficiency": 0.8856214120306959,
      "Average Clustering Coefficient": 0.7712428240613923
    },
    "Beta": {
      "Global Efficiency": 0.625,
      "Local Efficiency": 0.8976932829704812,
      "Average Clustering Coefficient": 0.7953865659409624
    },
    "Gamma": {
      "Global Efficiency": 0.625,
      "Local Efficiency": 0.8866081502084888,
      "Average Clustering Coefficient": 0.7732269677663556
    }
  },
  "Word formation task": {
    "Delta": {
      "Global Efficiency": 0.625,
      "Local Efficiency": 0.7473299012853315,
      "Average Clustering Coefficient": 0.49566251668258743
    },
    "Theta": {
      "Global Efficiency": 0.625,
      "Local Efficiency": 0.7093595744735011,
      "Average Clustering Coefficient": 0.44285052824086596
    },
    "Alpha": {
      "Global Efficiency": 0.624917328042328,
      "Local Efficiency": 0.7529618895100009,
      "Average Clustering Coefficient": 0.5155132570987183
    },
    "Beta": {
      "Global Efficiency": 0.625,
      "Local Efficiency": 0.8742366087380591,
      "Average Clustering Coefficient": 0.7484732174761183
    },
    "Gamma": {
      "Global Efficiency": 0.625,
      "Local Efficiency": 0.8665507207358606,
      "Average Clustering Coefficient": 0.7331014414717212
    }
  },
  "Counting task 2": {
    "Delta": {
      "Global Efficiency": 0.6249173280423281,
      "Local Efficiency": 0.7737503521347375,
      "Average Clustering Coefficient": 0.5521381384265522
    },
    "Theta": {
      "Global Efficiency": 0.625,
      "Local Efficiency": 0.7901371678958199,
      "Average Clustering Coefficient": 0.5878248525169657
    },
    "Alpha": {
      "Global Efficiency": 0.625,
      "Local Efficiency": 0.8427393834613158,
      "Average Clustering Coefficient": 0.6854990680378058
    },
    "Beta": {
      "Global Efficiency": 0.625,
      "Local Efficiency": 0.9065072303495244,
      "Average Clustering Coefficient": 0.8130144606990487
    },
    "Gamma": {
      "Global Efficiency": 0.625,
      "Local Efficiency": 0.9161565902457885,
      "Average Clustering Coefficient": 0.8323131804915773
    }
  },
  "Imaginary defecation task": {
    "Delta": {
      "Global Efficiency": 0.625,
      "Local Efficiency": 0.7752848320852677,
      "Average Clustering Coefficient": 0.5524930816512507
    },
    "Theta": {
      "Global Efficiency": 0.624917328042328,
      "Local Efficiency": 0.8026820694574551,
      "Average Clustering Coefficient": 0.6057569537003222
    },
    "Alpha": {
      "Global Efficiency": 0.625,
      "Local Efficiency": 0.8304622146947029,
      "Average Clustering Coefficient": 0.6612729696232573
    },
    "Beta": {
      "Global Efficiency": 0.625,
      "Local Efficiency": 0.8777410818188137,
      "Average Clustering Coefficient": 0.7555301667098239
    },
    "Gamma": {
      "Global Efficiency": 0.625,
      "Local Efficiency": 0.9132357178791368,
      "Average Clustering Coefficient": 0.8264714357582736
    }
  },
  "Simulated defecation task": {
    "Delta": {
      "Global Efficiency": 0.624619708994709,
      "Local Efficiency": 0.7282703582323593,
      "Average Clustering Coefficient": 0.47614379921460015
    },
    "Theta": {
      "Global Efficiency": 0.6249834656084656,
      "Local Efficiency": 0.7548023235786537,
      "Average Clustering Coefficient": 0.5139936581828005
    },
    "Alpha": {
      "Global Efficiency": 0.6249007936507935,
      "Local Efficiency": 0.7764421457289773,
      "Average Clustering Coefficient": 0.5539909435351889
    },
    "Beta": {
      "Global Efficiency": 0.625,
      "Local Efficiency": 0.8136644302121685,
      "Average Clustering Coefficient": 0.6273811304362846
    },
    "Gamma": {
      "Global Efficiency": 0.625,
      "Local Efficiency": 0.8597206208207329,
      "Average Clustering Coefficient": 0.7194423083764037
    }
  },
  "Imaginary anal contraction task": {
    "Delta": {
      "Global Efficiency": 0.625,
      "Local Efficiency": 0.735237921677981,
      "Average Clustering Coefficient": 0.47657113703248816
    },
    "Theta": {
      "Global Efficiency": 0.625,
      "Local Efficiency": 0.7779570276273943,
      "Average Clustering Coefficient": 0.5569515060011135
    },
    "Alpha": {
      "Global Efficiency": 0.624917328042328,
      "Local Efficiency": 0.7938644652705762,
      "Average Clustering Coefficient": 0.588037655394899
    },
    "Beta": {
      "Global Efficiency": 0.625,
      "Local Efficiency": 0.886895719542028,
      "Average Clustering Coefficient": 0.7737914390840566
    },
    "Gamma": {
      "Global Efficiency": 0.625,
      "Local Efficiency": 0.9274136615352446,
      "Average Clustering Coefficient": 0.8548273230704891
    }
  },
  "Simulated anal contraction task": {
    "Delta": {
      "Global Efficiency": 0.6245039682539684,
      "Local Efficiency": 0.7405771727754582,
      "Average Clustering Coefficient": 0.5044384914562683
    },
    "Theta": {
      "Global Efficiency": 0.623181216931217,
      "Local Efficiency": 0.7386109407711532,
      "Average Clustering Coefficient": 0.509825622853676
    },
    "Alpha": {
      "Global Efficiency": 0.6244708994708995,
      "Local Efficiency": 0.7748092410051551,
      "Average Clustering Coefficient": 0.5661125162065762
    },
    "Beta": {
      "Global Efficiency": 0.625,
      "Local Efficiency": 0.8308974480152577,
      "Average Clustering Coefficient": 0.6618493058648436
    },
    "Gamma": {
      "Global Efficiency": 0.625,
      "Local Efficiency": 0.8702844274890568,
      "Average Clustering Coefficient": 0.740568854978114
    }
  }
}