{
    "Resting task": {
        "Delta": {
            "Frontal": 0.3684433120662883,
            "Central": 0.422657900303067,
            "Parietal": 0.41953831130306674,
            "Temporal": 0.3978838452941394,
            "Occipital": 0.5213905774789265
        },
        "Theta": {
            "Frontal": 0.21170679141992912,
            "Central": 0.20185067315374822,
            "Parietal": 0.21624627071776664,
            "Temporal": 0.22864476392296457,
            "Occipital": 0.19048059991830346
        },
        "Alpha": {
            "Frontal": 0.2100052849365313,
            "Central": 0.19718523570363677,
            "Parietal": 0.2069144542617955,
            "Temporal": 0.20835712189338323,
            "Occipital": 0.1676743071122144
        },
        "Beta": {
            "Frontal": 0.1788385327680746,
            "Central": 0.1557848116969852,
            "Parietal": 0.14288966984323448,
            "Temporal": 0.13835243776970613,
            "Occipital": 0.10677727214123431
        },
        "Gamma": {
            "Frontal": 0.03100607880917656,
            "Central": 0.022521379142562883,
            "Parietal": 0.01441129387413664,
            "Temporal": 0.026761831119806855,
            "Occipital": 0.013677243349321352
        }
    },
    "Counting task 1": {
        "Delta": {
            "Frontal": 0.5291690248841029,
            "Central": 0.5008518481254466,
            "Parietal": 0.4865330465705471,
            "Temporal": 0.5405989008078204,
            "Occipital": 0.4852128169450267
        },
        "Theta": {
            "Frontal": 0.2935585366246505,
            "Central": 0.3522546684152494,
            "Parietal": 0.36039583134910336,
            "Temporal": 0.2950434438899675,
            "Occipital": 0.38331715354278884
        },
        "Alpha": {
            "Frontal": 0.06996097997732428,
            "Central": 0.0588535902236121,
            "Parietal": 0.07205319064110347,
            "Temporal": 0.0727135092355701,
            "Occipital": 0.060445114004550056
        },
        "Beta": {
            "Frontal": 0.08547282811776148,
            "Central": 0.07116341516993165,
            "Parietal": 0.06751759339275379,
            "Temporal": 0.07111306405532908,
            "Occipital": 0.05926025926413651
        },
        "Gamma": {
            "Frontal": 0.021838630396160977,
            "Central": 0.01687647806576023,
            "Parietal": 0.013500338046492213,
            "Temporal": 0.020531082011312783,
            "Occipital": 0.011764656243497915
        }
    },
    "Word formation task": {
        "Delta": {
            "Frontal": 0.5237554973167206,
            "Central": 0.5185864422357254,
            "Parietal": 0.5336404382947557,
            "Temporal": 0.5358354462463792,
            "Occipital": 0.5472527826737293
        },
        "Theta": {
            "Frontal": 0.2533041222837778,
            "Central": 0.24982645585613675,
            "Parietal": 0.25214643622318506,
            "Temporal": 0.24702072265338876,
            "Occipital": 0.24439954377287607
        },
        "Alpha": {
            "Frontal": 0.14236729177617094,
            "Central": 0.1421350646050171,
            "Parietal": 0.14466036692595147,
            "Temporal": 0.14036515133753083,
            "Occipital": 0.14605234156972638
        },
        "Beta": {
            "Frontal": 0.06184401363740075,
            "Central": 0.06978154940665374,
            "Parietal": 0.05407132271279763,
            "Temporal": 0.059569881268883185,
            "Occipital": 0.04809204592926548
        },
        "Gamma": {
            "Frontal": 0.018729074985929847,
            "Central": 0.019670487896466925,
            "Parietal": 0.015481435843310022,
            "Temporal": 0.01720879849381802,
            "Occipital": 0.014203286054402745
        }
    },
    "Counting task 2": {
        "Delta": {
            "Frontal": 0.6741672109933124,
            "Central": 0.6561418381837455,
            "Parietal": 0.6823019285297827,
            "Temporal": 0.6797005411271966,
            "Occipital": 0.6784613611882876
        },
        "Theta": {
            "Frontal": 0.19958116712675278,
            "Central": 0.20937757708246124,
            "Parietal": 0.19483990584448102,
            "Temporal": 0.19711998719755858,
            "Occipital": 0.19917600700532961
        },
        "Alpha": {
            "Frontal": 0.06953178355633609,
            "Central": 0.07634469863152529,
            "Parietal": 0.06847864657429711,
            "Temporal": 0.06823139450875429,
            "Occipital": 0.06866084254351656
        },
        "Beta": {
            "Frontal": 0.04703740600879046,
            "Central": 0.04801666140746702,
            "Parietal": 0.04534597550658382,
            "Temporal": 0.04533733581211423,
            "Occipital": 0.04505161840049701
        },
        "Gamma": {
            "Frontal": 0.009682432314808236,
            "Central": 0.010119224694800824,
            "Parietal": 0.009033543544855478,
            "Temporal": 0.009610741354376357,
            "Occipital": 0.008650170862369296
        }
    },
    "Imaginary defecation task": {
        "Delta": {
            "Frontal": 0.7131902188279677,
            "Central": 0.6861753969675578,
            "Parietal": 0.7249387985406225,
            "Temporal": 0.7392471379322115,
            "Occipital": 0.7566280323784528
        },
        "Theta": {
            "Frontal": 0.19771153224233637,
            "Central": 0.21809862802568233,
            "Parietal": 0.19615901251974632,
            "Temporal": 0.1900904566410054,
            "Occipital": 0.1808575075797269
        },
        "Alpha": {
            "Frontal": 0.03939523921783573,
            "Central": 0.04151161394766422,
            "Parietal": 0.03647211611920158,
            "Temporal": 0.03280127167170462,
            "Occipital": 0.03009441910126956
        },
        "Beta": {
            "Frontal": 0.03983241573192641,
            "Central": 0.04475844179876034,
            "Parietal": 0.03562874429974705,
            "Temporal": 0.03004483874298386,
            "Occipital": 0.02652484039890689
        },
        "Gamma": {
            "Frontal": 0.009870593979933766,
            "Central": 0.009455919260335316,
            "Parietal": 0.006801328520682561,
            "Temporal": 0.007816295012094528,
            "Occipital": 0.005895200541643766
        }
    },
    "Simulated defecation task": {
        "Delta": {
            "Frontal": 0.6340376771189515,
            "Central": 0.6027896357093093,
            "Parietal": 0.6506201824764892,
            "Temporal": 0.6562062957777117,
            "Occipital": 0.6771338238330606
        },
        "Theta": {
            "Frontal": 0.2317438843434207,
            "Central": 0.2649909674911749,
            "Parietal": 0.24476979773004492,
            "Temporal": 0.21936225050860464,
            "Occipital": 0.23899900835519464
        },
        "Alpha": {
            "Frontal": 0.04172816169914507,
            "Central": 0.04627093969271739,
            "Parietal": 0.04491548593434981,
            "Temporal": 0.04275698105242277,
            "Occipital": 0.03979184411002907
        },
        "Beta": {
            "Frontal": 0.07522519961827509,
            "Central": 0.0741821173584162,
            "Parietal": 0.05453386167678078,
            "Temporal": 0.06633360176606012,
            "Occipital": 0.03990890173398921
        },
        "Gamma": {
            "Frontal": 0.017295708056938707,
            "Central": 0.011791255018278001,
            "Parietal": 0.005170491643273796,
            "Temporal": 0.01536477187188148,
            "Occipital": 0.004172713407543998
        }
    },