{
    "Resting task": {
        "Delta": {
            "Frontal": 0.3976667739633532,
            "Central": 0.29818424000933297,
            "Parietal": 0.3330785754056691,
            "Temporal": 0.29887317644896927,
            "Occipital": 0.2883610744834495
        },
        "Theta": {
            "Frontal": 0.15401024225750093,
            "Central": 0.15141734006160074,
            "Parietal": 0.14649101761857905,
            "Temporal": 0.1702630074960291,
            "Occipital": 0.13005585755518184
        },
        "Alpha": {
            "Frontal": 0.19077238094676066,
            "Central": 0.233878190611416,
            "Parietal": 0.22708181185338794,
            "Temporal": 0.21376670864410702,
            "Occipital": 0.2525287659289216
        },
        "Beta": {
            "Frontal": 0.21685884777529957,
            "Central": 0.2669735259525716,
            "Parietal": 0.24734843692050706,
            "Temporal": 0.26320266018321037,
            "Occipital": 0.275623939957781
        },
        "Gamma": {
            "Frontal": 0.040691755057085575,
            "Central": 0.04954670336507861,
            "Parietal": 0.046000158201856906,
            "Temporal": 0.05389444722768427,
            "Occipital": 0.053430362074666185
        }
    },
    "Counting task 1": {
        "Delta": {
            "Frontal": 0.46186466396897996,
            "Central": 0.4000325397930577,
            "Parietal": 0.3783747302219355,
            "Temporal": 0.4414353647264434,
            "Occipital": 0.188433976890375
        },
        "Theta": {
            "Frontal": 0.199321291015759,
            "Central": 0.2060706839332162,
            "Parietal": 0.18868537523942486,
            "Temporal": 0.19013908640534236,
            "Occipital": 0.14151480601531252
        },
        "Alpha": {
            "Frontal": 0.1430574845410583,
            "Central": 0.16482253834987087,
            "Parietal": 0.1693198953494783,
            "Temporal": 0.15441038327019924,
            "Occipital": 0.25570266248454193
        },
        "Beta": {
            "Frontal": 0.17573722552754703,
            "Central": 0.20724901823684908,
            "Parietal": 0.23565711499351266,
            "Temporal": 0.18646745068182666,
            "Occipital": 0.36133497784780977
        },
        "Gamma": {
            "Frontal": 0.020019334946655774,
            "Central": 0.021825219687006178,
            "Parietal": 0.02796288419564863,
            "Temporal": 0.027547714916188425,
            "Occipital": 0.053013576761960654
        }
    },
    "Word formation task": {
        "Delta": {
            "Frontal": 0.46305107590885264,
            "Central": 0.41094977359544965,
            "Parietal": 0.37109849905611664,
            "Temporal": 0.4048570653258007,
            "Occipital": 0.2728543427492012
        },
        "Theta": {
            "Frontal": 0.18542492930268378,
            "Central": 0.1994635737579474,
            "Parietal": 0.21304011966814954,
            "Temporal": 0.19580928827344726,
            "Occipital": 0.22371625758498814
        },
        "Alpha": {
            "Frontal": 0.1344653674253484,
            "Central": 0.14169996890710482,
            "Parietal": 0.1619440373888373,
            "Temporal": 0.14165750353407205,
            "Occipital": 0.19311024973166696
        },
        "Beta": {
            "Frontal": 0.17647317003379862,
            "Central": 0.2065887328552666,
            "Parietal": 0.21331910696266415,
            "Temporal": 0.20733034883086435,
            "Occipital": 0.2547401033145434
        },
        "Gamma": {
            "Frontal": 0.04058545732931652,
            "Central": 0.041297950884231514,
            "Parietal": 0.04059823692423238,
            "Temporal": 0.050345794035815704,
            "Occipital": 0.05557904661960026
        }
    },
    "Counting task 2": {
        "Delta": {
            "Frontal": 0.4808929891944861,
            "Central": 0.5327964226822355,
            "Parietal": 0.5227262852171198,
            "Temporal": 0.5002608062756339,
            "Occipital": 0.4725544195243473
        },
        "Theta": {
            "Frontal": 0.1567651956207942,
            "Central": 0.12200484291811693,
            "Parietal": 0.13842274581606268,
            "Temporal": 0.15666740312757016,
            "Occipital": 0.14123595324315177
        },
        "Alpha": {
            "Frontal": 0.11548703899362485,
            "Central": 0.10048727626759794,
            "Parietal": 0.11216703034991019,
            "Temporal": 0.11193472679950416,
            "Occipital": 0.14025539437272394
        },
        "Beta": {
            "Frontal": 0.19792624075880155,
            "Central": 0.19470638307147067,
            "Parietal": 0.17697130422567414,
            "Temporal": 0.18254278452179024,
            "Occipital": 0.1918095209299584
        },
        "Gamma": {
            "Frontal": 0.048928535432293384,
            "Central": 0.05000507506057899,
            "Parietal": 0.04971263439123308,
            "Temporal": 0.04859427927550173,
            "Occipital": 0.05414471192981862
        }
    },
    "Imaginary defecation task": {
        "Delta": {
            "Frontal": 0.39007950679278836,
            "Central": 0.2883803621461947,
            "Parietal": 0.380748778553551,
            "Temporal": 0.43049820526710725,
            "Occipital": 0.28075709611681116
        },
        "Theta": {
            "Frontal": 0.157837815404383,
            "Central": 0.17406727161818147,
            "Parietal": 0.17733461924312938,
            "Temporal": 0.15579215412987263,
            "Occipital": 0.15771785769136465
        },
        "Alpha": {
            "Frontal": 0.1900522947446907,
            "Central": 0.23318707979715866,
            "Parietal": 0.17895229412348898,
            "Temporal": 0.1670416374902435,
            "Occipital": 0.19510907014102583
        },
        "Beta": {
            "Frontal": 0.23210063534919556,
            "Central": 0.2752968897013484,
            "Parietal": 0.23397647987003173,
            "Temporal": 0.21284227812930503,
            "Occipital": 0.3182757976214978
        },
        "Gamma": {
            "Frontal": 0.02992974770894245,
            "Central": 0.029068396737116826,
            "Parietal": 0.028987828209798935,
            "Temporal": 0.033825724983471625,
            "Occipital": 0.048140178429300504
        }
    },
    "Simulated defecation task": {
        "Delta": {
            "Frontal": 0.37148575881147033,
            "Central": 0.38007500475936495,
            "Parietal": 0.4283488788622906,
            "Temporal": 0.370259822292021,
            "Occipital": 0.4020063426778303
        },
        "Theta": {
            "Frontal": 0.172555497211461,
            "Central": 0.2113710429436512,
            "Parietal": 0.1465072471735913,
            "Temporal": 0.1901460673131921,
            "Occipital": 0.18561389319490196
        },
        "Alpha": {
            "Frontal": 0.12757003368430817,
            "Central": 0.14252847308223163,
            "Parietal": 0.12531705282691297,
            "Temporal": 0.13088224552738664,
            "Occipital": 0.10446509379054444
        },
        "Beta": {
            "Frontal": 0.26817299547724244,
            "Central": 0.22428977187181728,
            "Parietal": 0.24158549741399094,
            "Temporal": 0.25244083204097223,
            "Occipital": 0.23511052944556338
        },
        "Gamma": {
            "Frontal": 0.060215714815518136,
            "Central": 0.04173570734293497,
            "Parietal": 0.058241323723214174,
            "Temporal": 0.056271032826428036,
            "Occipital": 0.07280414089115989
        }
    },