{
    "Resting task": {
        "Delta": {
            "Frontal": 0.14885791029823742,
            "Central": 0.17757293407884736,
            "Parietal": 0.16897502829966565,
            "Temporal": 0.143931108850947,
            "Occipital": 0.20857751597796922
        },
        "Theta": {
            "Frontal": 0.18358027844793962,
            "Central": 0.19714233639536763,
            "Parietal": 0.22892304333872882,
            "Temporal": 0.2282559011955636,
            "Occipital": 0.2032065337964169
        },
        "Alpha": {
            "Frontal": 0.20372756055525673,
            "Central": 0.24725083096272593,
            "Parietal": 0.20485430254612616,
            "Temporal": 0.23097036159902656,
            "Occipital": 0.15751612585393154
        },
        "Beta": {
            "Frontal": 0.380403139238969,
            "Central": 0.3019744652765407,
            "Parietal": 0.30346258537452525,
            "Temporal": 0.31877061634092174,
            "Occipital": 0.316086530942096
        },
        "Gamma": {
            "Frontal": 0.08343111145959718,
            "Central": 0.07605943328651836,
            "Parietal": 0.09378504044095409,
            "Temporal": 0.07807201201354119,
            "Occipital": 0.11461329342958627
        }
    },
    "Counting task 1": {
        "Delta": {
            "Frontal": 0.5461119260189894,
            "Central": 0.6109130986994539,
            "Parietal": 0.5843458487845283,
            "Temporal": 0.5514697498002918,
            "Occipital": 0.6420337772461414
        },
        "Theta": {
            "Frontal": 0.13057887105410568,
            "Central": 0.13176257811890615,
            "Parietal": 0.17041510702631196,
            "Temporal": 0.19916289354438796,
            "Occipital": 0.14437031471431808
        },
        "Alpha": {
            "Frontal": 0.1119377898949616,
            "Central": 0.10154740471203712,
            "Parietal": 0.09079952461091842,
            "Temporal": 0.09573458247710583,
            "Occipital": 0.07689586999648823
        },
        "Beta": {
            "Frontal": 0.16129852303523948,
            "Central": 0.12673600312760028,
            "Parietal": 0.12403622173204719,
            "Temporal": 0.12438304226415169,
            "Occipital": 0.10977014512158503
        },
        "Gamma": {
            "Frontal": 0.05007288999670394,
            "Central": 0.029040915342002545,
            "Parietal": 0.030403297846194118,
            "Temporal": 0.029249731914062733,
            "Occipital": 0.026929892921467254
        }
    },
    "Word formation task": {
        "Delta": {
            "Frontal": 0.30829408348103277,
            "Central": 0.31021497016214866,
            "Parietal": 0.32974014654083655,
            "Temporal": 0.3049717307419196,
            "Occipital": 0.22366268683185966
        },
        "Theta": {
            "Frontal": 0.2977824902407972,
            "Central": 0.2344962024273758,
            "Parietal": 0.29433361383553014,
            "Temporal": 0.227803329729178,
            "Occipital": 0.409027047653475
        },
        "Alpha": {
            "Frontal": 0.06972031333827777,
            "Central": 0.08679700243874354,
            "Parietal": 0.09860725266720458,
            "Temporal": 0.1289758135755717,
            "Occipital": 0.08852757625017828
        },
        "Beta": {
            "Frontal": 0.2620138009744302,
            "Central": 0.3016706039794593,
            "Parietal": 0.2016815134283776,
            "Temporal": 0.2529998395601521,
            "Occipital": 0.21130143735439666
        },
        "Gamma": {
            "Frontal": 0.062189311965462,
            "Central": 0.06682122099227275,
            "Parietal": 0.07563747352805111,
            "Temporal": 0.08524928639317857,
            "Occipital": 0.06748125191009048
        }
    },
    "Counting task 2": {
        "Delta": {
            "Frontal": 0.38274156583414926,
            "Central": 0.3782605210528253,
            "Parietal": 0.39613173725768613,
            "Temporal": 0.3635586758495803,
            "Occipital": 0.4514798276027677
        },
        "Theta": {
            "Frontal": 0.2852956164371249,
            "Central": 0.29359641842857537,
            "Parietal": 0.28173129567905375,
            "Temporal": 0.27314251039235715,
            "Occipital": 0.2745529104476905
        },
        "Alpha": {
            "Frontal": 0.12478019949291295,
            "Central": 0.12923686057731376,
            "Parietal": 0.11964892143208067,
            "Temporal": 0.14008472460512594,
            "Occipital": 0.08906486291288156
        },
        "Beta": {
            "Frontal": 0.16777389544071133,
            "Central": 0.15445320206444071,
            "Parietal": 0.16046202109524235,
            "Temporal": 0.18411439317231568,
            "Occipital": 0.15128548977140382
        },
        "Gamma": {
            "Frontal": 0.039408722795101575,
            "Central": 0.044452997876844806,
            "Parietal": 0.04202602453593712,
            "Temporal": 0.03909969598062097,
            "Occipital": 0.03361690926525647
        }
    },
    "Imaginary defecation task": {
        "Delta": {
            "Frontal": 0.8074642339996972,
            "Central": 0.7658288565114175,
            "Parietal": 0.8411998735177313,
            "Temporal": 0.7962514190262137,
            "Occipital": 0.8649843788503174
        },
        "Theta": {
            "Frontal": 0.07648417293284156,
            "Central": 0.09189111824514996,
            "Parietal": 0.06760545279102573,
            "Temporal": 0.08051300222574426,
            "Occipital": 0.05497939019402172
        },
        "Alpha": {
            "Frontal": 0.03934345064582693,
            "Central": 0.04431104933379495,
            "Parietal": 0.030757257339386605,
            "Temporal": 0.03666536762691277,
            "Occipital": 0.023045107047107785
        },
        "Beta": {
            "Frontal": 0.0665136075362836,
            "Central": 0.08511654130451511,
            "Parietal": 0.050842084698884,
            "Temporal": 0.06492528774736259,
            "Occipital": 0.047524394170006555
        },
        "Gamma": {
            "Frontal": 0.010194534885350577,
            "Central": 0.012852434605122537,
            "Parietal": 0.009595331652972274,
            "Temporal": 0.021644923373766816,
            "Occipital": 0.009466729738546514
        }
    },
    "Simulated defecation task": {
        "Delta": {
            "Frontal": 0.5447567762952721,
            "Central": 0.5696792181230594,
            "Parietal": 0.5517837105549692,
            "Temporal": 0.573525390685258,
            "Occipital": 0.6818119020508677
        },
        "Theta": {
            "Frontal": 0.16706664903900262,
            "Central": 0.17688641157096968,
            "Parietal": 0.21515414911674163,
            "Temporal": 0.18372529019173095,
            "Occipital": 0.14649817825250247
        },
        "Alpha": {
            "Frontal": 0.09630568596310418,
            "Central": 0.09397943533412646,
            "Parietal": 0.06717886614666609,
            "Temporal": 0.0761234113411465,
            "Occipital": 0.04633318007404455
        },
        "Beta": {
            "Frontal": 0.14153905813948334,
            "Central": 0.1254163920522801,
            "Parietal": 0.12494587438387554,
            "Temporal": 0.1308065776267453,
            "Occipital": 0.0962143283025827
        },
        "Gamma": {
            "Frontal": 0.05033183056313785,
            "Central": 0.034038542919564305,
            "Parietal": 0.0409373997977476,
            "Temporal": 0.03581933015511925,
            "Occipital": 0.029142411320002556
        }
    },