{
    "Resting task": {
        "Delta": {
            "Frontal": 0.3827663253485429,
            "Central": 0.33527585833907547,
            "Parietal": 0.36497680987955905,
            "Temporal": 0.5098229133525571,
            "Occipital": 0.3740604014812905
        },
        "Theta": {
            "Frontal": 0.13586170268321823,
            "Central": 0.14612208736054735,
            "Parietal": 0.13880875878381943,
            "Temporal": 0.11583795775678025,
            "Occipital": 0.10211042992743516
        },
        "Alpha": {
            "Frontal": 0.34412648261719986,
            "Central": 0.37677135541911017,
            "Parietal": 0.37183379784798587,
            "Temporal": 0.19774436617671914,
            "Occipital": 0.4073816854192499
        },
        "Beta": {
            "Frontal": 0.12240151206981366,
            "Central": 0.1262996864611951,
            "Parietal": 0.11277705666926703,
            "Temporal": 0.15236444100202212,
            "Occipital": 0.10729173445797807
        },
        "Gamma": {
            "Frontal": 0.01484397728122537,
            "Central": 0.015531012420071957,
            "Parietal": 0.011603576819368557,
            "Temporal": 0.024230321711921358,
            "Occipital": 0.009155748714046367
        }
    },
    "Counting task 1": {
        "Delta": {
            "Frontal": 0.6655049971419429,
            "Central": 0.6273022951956541,
            "Parietal": 0.6430531201253489,
            "Temporal": 0.637216827845017,
            "Occipital": 0.6629893369129223
        },
        "Theta": {
            "Frontal": 0.13081610643067612,
            "Central": 0.152717304308233,
            "Parietal": 0.15222651597504439,
            "Temporal": 0.09399574936341001,
            "Occipital": 0.12219716724626062
        },
        "Alpha": {
            "Frontal": 0.05546844243830834,
            "Central": 0.06840704659543091,
            "Parietal": 0.07137301029198155,
            "Temporal": 0.05601649173027852,
            "Occipital": 0.07698009402287777
        },
        "Beta": {
            "Frontal": 0.12213581309829004,
            "Central": 0.12753830358482984,
            "Parietal": 0.11263053617470224,
            "Temporal": 0.17992594256674416,
            "Occipital": 0.11323919358876257
        },
        "Gamma": {
            "Frontal": 0.026074640890782617,
            "Central": 0.024035050315852152,
            "Parietal": 0.02071681743292302,
            "Temporal": 0.032844988494550434,
            "Occipital": 0.02459420822917673
        }
    },
    "Word formation task": {
        "Delta": {
            "Frontal": 0.694568238256774,
            "Central": 0.6324460623702846,
            "Parietal": 0.6381104266972015,
            "Temporal": 0.7600693897448724,
            "Occipital": 0.7499686137742285
        },
        "Theta": {
            "Frontal": 0.12314725685183017,
            "Central": 0.14458854700257026,
            "Parietal": 0.15153290539012573,
            "Temporal": 0.10399522694058427,
            "Occipital": 0.11581191161621995
        },
        "Alpha": {
            "Frontal": 0.0684427617869661,
            "Central": 0.08914055367333965,
            "Parietal": 0.08445020293472305,
            "Temporal": 0.05347110998750376,
            "Occipital": 0.05764471882511796
        },
        "Beta": {
            "Frontal": 0.09316175374435312,
            "Central": 0.11031852914646494,
            "Parietal": 0.10440170001208843,
            "Temporal": 0.06728126063407755,
            "Occipital": 0.06162718892055491
        },
        "Gamma": {
            "Frontal": 0.020679989360076468,
            "Central": 0.023506307807340737,
            "Parietal": 0.021504764965861185,
            "Temporal": 0.015183012692961897,
            "Occipital": 0.014947566863878648
        }
    },
    "Counting task 2": {
        "Delta": {
            "Frontal": 0.7662908779646213,
            "Central": 0.715185676103365,
            "Parietal": 0.7259979550882063,
            "Temporal": 0.8508480754882356,
            "Occipital": 0.7824510143023925
        },
        "Theta": {
            "Frontal": 0.0985304371476506,
            "Central": 0.12534878387292253,
            "Parietal": 0.12442324540344255,
            "Temporal": 0.050601182845456505,
            "Occipital": 0.09646722255709964
        },
        "Alpha": {
            "Frontal": 0.054117264159774255,
            "Central": 0.06390178957784778,
            "Parietal": 0.06591770822233561,
            "Temporal": 0.03192287138915036,
            "Occipital": 0.05184257242968514
        },
        "Beta": {
            "Frontal": 0.06664154947346676,
            "Central": 0.08080273766300525,
            "Parietal": 0.07124444577710679,
            "Temporal": 0.05405335567022977,
            "Occipital": 0.05799901142063375
        },
        "Gamma": {
            "Frontal": 0.014419871254487276,
            "Central": 0.014761012782859557,
            "Parietal": 0.01241664550890864,
            "Temporal": 0.012574514606927744,
            "Occipital": 0.011240179290188897
        }
    },
    "Imaginary defecation task": {
        "Delta": {
            "Frontal": 0.7082022852732208,
            "Central": 0.6326625413187167,
            "Parietal": 0.6401371704513208,
            "Temporal": 0.7541855821597121,
            "Occipital": 0.690205149397688
        },
        "Theta": {
            "Frontal": 0.10925014474553288,
            "Central": 0.15483464063173966,
            "Parietal": 0.1562313805276307,
            "Temporal": 0.07693502773421021,
            "Occipital": 0.1141069830281444
        },
        "Alpha": {
            "Frontal": 0.05468778201124107,
            "Central": 0.07176492309214358,
            "Parietal": 0.08351125011695248,
            "Temporal": 0.039794864686965574,
            "Occipital": 0.08356471551690695
        },
        "Beta": {
            "Frontal": 0.10916036217246299,
            "Central": 0.12326279968216505,
            "Parietal": 0.10415077132254572,
            "Temporal": 0.10901323015092323,
            "Occipital": 0.09317650839380058
        },
        "Gamma": {
            "Frontal": 0.01869942579754243,
            "Central": 0.017475095275234952,
            "Parietal": 0.015969427581550143,
            "Temporal": 0.020071295268188957,
            "Occipital": 0.01894664366346009
        }
    },
    "Simulated defecation task": {
        "Delta": {
            "Frontal": 0.5830001138802328,
            "Central": 0.5012493028893084,
            "Parietal": 0.4973747724639644,
            "Temporal": 0.4859400524858537,
            "Occipital": 0.4636751688178219
        },
        "Theta": {
            "Frontal": 0.18008796531873889,
            "Central": 0.21064954755956394,
            "Parietal": 0.21052256286202664,
            "Temporal": 0.1363936423134867,
            "Occipital": 0.18870193043288325
        },
        "Alpha": {
            "Frontal": 0.09014281476558243,
            "Central": 0.11608962574676182,
            "Parietal": 0.12621152295667015,
            "Temporal": 0.1114002691960136,
            "Occipital": 0.13805310193207984
        },
        "Beta": {
            "Frontal": 0.12455897029047751,
            "Central": 0.14737124495063889,
            "Parietal": 0.1442484866047769,
            "Temporal": 0.22541816639420764,
            "Occipital": 0.1796341118088948
        },
        "Gamma": {
            "Frontal": 0.02221013574496837,
            "Central": 0.024640278853727,
            "Parietal": 0.0216426551125619,
            "Temporal": 0.04084786961043829,
            "Occipital": 0.02993568700832021
        }
    },