{
    "Resting task": {
        "Delta": {
            "Frontal": 0.3022750798758408,
            "Central": 0.3668870948213541,
            "Parietal": 0.3293367399999429,
            "Temporal": 0.4047929616965181,
            "Occipital": 0.374582631260908
        },
        "Theta": {
            "Frontal": 0.23185274811314,
            "Central": 0.2016942669145567,
            "Parietal": 0.21201188042719388,
            "Temporal": 0.19686536677636604,
            "Occipital": 0.2032913810631229
        },
        "Alpha": {
            "Frontal": 0.3610264635281948,
            "Central": 0.3123149566181978,
            "Parietal": 0.31867933866323195,
            "Temporal": 0.27739884539878223,
            "Occipital": 0.28962357165964486
        },
        "Beta": {
            "Frontal": 0.09794306522933709,
            "Central": 0.11205939085571014,
            "Parietal": 0.13332138250456416,
            "Temporal": 0.11034863235098218,
            "Occipital": 0.12427905870856878
        },
        "Gamma": {
            "Frontal": 0.006902643253487405,
            "Central": 0.007044290790181299,
            "Parietal": 0.006650658405067064,
            "Temporal": 0.010594193777351452,
            "Occipital": 0.008223357307755474
        }
    },
    "Counting task 1": {
        "Delta": {
            "Frontal": 0.7174212191945272,
            "Central": 0.7147854712643903,
            "Parietal": 0.6372190669996034,
            "Temporal": 0.821826598956835,
            "Occipital": 0.5831261387071237
        },
        "Theta": {
            "Frontal": 0.13161517374282444,
            "Central": 0.1405509357609392,
            "Parietal": 0.1729781217582823,
            "Temporal": 0.10825309968642849,
            "Occipital": 0.17120224857599564
        },
        "Alpha": {
            "Frontal": 0.07705519432999272,
            "Central": 0.07813541028922823,
            "Parietal": 0.10012285392580625,
            "Temporal": 0.038527382577288556,
            "Occipital": 0.11686557369891629
        },
        "Beta": {
            "Frontal": 0.06574698117300493,
            "Central": 0.060319037206991354,
            "Parietal": 0.08031890502671439,
            "Temporal": 0.028223154144268646,
            "Occipital": 0.10657412883297471
        },
        "Gamma": {
            "Frontal": 0.008161431559650678,
            "Central": 0.006209145478450974,
            "Parietal": 0.009361052289593733,
            "Temporal": 0.003169764635179361,
            "Occipital": 0.022231910184989614
        }
    },
    "Word formation task": {
        "Delta": {
            "Frontal": 0.6186471163729017,
            "Central": 0.638719430713719,
            "Parietal": 0.5936056289961977,
            "Temporal": 0.7306220475903894,
            "Occipital": 0.5505358948646889
        },
        "Theta": {
            "Frontal": 0.17582921298614118,
            "Central": 0.1550361364298037,
            "Parietal": 0.14486515477453804,
            "Temporal": 0.1292334166871814,
            "Occipital": 0.1265135311102168
        },
        "Alpha": {
            "Frontal": 0.09124861572213354,
            "Central": 0.09704807461733853,
            "Parietal": 0.12730268689350216,
            "Temporal": 0.0666688512618637,
            "Occipital": 0.1254172586911359
        },
        "Beta": {
            "Frontal": 0.09973425303353378,
            "Central": 0.09723053436667417,
            "Parietal": 0.11900590261309488,
            "Temporal": 0.06324224989353638,
            "Occipital": 0.1662834888658032
        },
        "Gamma": {
            "Frontal": 0.014540801885289894,
            "Central": 0.011965823872464596,
            "Parietal": 0.015220626722667125,
            "Temporal": 0.010233434567029128,
            "Occipital": 0.031249826468155235
        }
    },
    "Counting task 2": {
        "Delta": {
            "Frontal": 0.6112701138211977,
            "Central": 0.5709205939393018,
            "Parietal": 0.49286403326285566,
            "Temporal": 0.7072011741133533,
            "Occipital": 0.46701853346563793
        },
        "Theta": {
            "Frontal": 0.17339358153937168,
            "Central": 0.17659778217905112,
            "Parietal": 0.20583406541054755,
            "Temporal": 0.14285482027647042,
            "Occipital": 0.20606714385454422
        },
        "Alpha": {
            "Frontal": 0.10738767224434452,
            "Central": 0.1376118903693323,
            "Parietal": 0.1628759273684366,
            "Temporal": 0.08100919784875463,
            "Occipital": 0.16180745894947765
        },
        "Beta": {
            "Frontal": 0.09537107301817102,
            "Central": 0.10346080923904653,
            "Parietal": 0.12486287022702051,
            "Temporal": 0.06042499495208407,
            "Occipital": 0.1399818296303809
        },
        "Gamma": {
            "Frontal": 0.012577559376915013,
            "Central": 0.011408924273268202,
            "Parietal": 0.01356310373113958,
            "Temporal": 0.008509812809337693,
            "Occipital": 0.02512503409995929
        }
    },
    "Imaginary defecation task": {
        "Delta": {
            "Frontal": 0.4100808668453855,
            "Central": 0.42475472037624423,
            "Parietal": 0.41044532634805586,
            "Temporal": 0.518065744283372,
            "Occipital": 0.4320331679605234
        },
        "Theta": {
            "Frontal": 0.1972701786674608,
            "Central": 0.1941643416934345,
            "Parietal": 0.18985608785274544,
            "Temporal": 0.14885665668994844,
            "Occipital": 0.18170324902250085
        },
        "Alpha": {
            "Frontal": 0.22166139663463164,
            "Central": 0.19742595395648294,
            "Parietal": 0.20202173989796118,
            "Temporal": 0.19350702630317002,
            "Occipital": 0.1835009844327234
        },
        "Beta": {
            "Frontal": 0.16073045529572133,
            "Central": 0.1747789807968474,
            "Parietal": 0.1878479898812802,
            "Temporal": 0.1303814004673155,
            "Occipital": 0.18433506501405375
        },
        "Gamma": {
            "Frontal": 0.010257102556800658,
            "Central": 0.008876003176990837,
            "Parietal": 0.009828856019957302,
            "Temporal": 0.009189172256194002,
            "Occipital": 0.018427533570198534
        }
    },
    "Simulated defecation task": {
        "Delta": {
            "Frontal": 0.47560060984077585,
            "Central": 0.43454333648422666,
            "Parietal": 0.4156575731006661,
            "Temporal": 0.47753170589126326,
            "Occipital": 0.4158752291226702
        },
        "Theta": {
            "Frontal": 0.18974381120787787,
            "Central": 0.16944608735115274,
            "Parietal": 0.16854921606502096,
            "Temporal": 0.15688462203565864,
            "Occipital": 0.16877845593208224
        },
        "Alpha": {
            "Frontal": 0.19932085508982947,
            "Central": 0.22593131799999333,
            "Parietal": 0.2412886436016418,
            "Temporal": 0.1945679013049094,
            "Occipital": 0.22221255632425835
        },
        "Beta": {
            "Frontal": 0.12301873001971468,
            "Central": 0.15613870482660874,
            "Parietal": 0.16351237226015541,
            "Temporal": 0.15331193199349183,
            "Occipital": 0.1760837991315995
        },
        "Gamma": {
            "Frontal": 0.012315993841802104,
            "Central": 0.013940553338018547,
            "Parietal": 0.010992194972515811,
            "Temporal": 0.017703838774676878,
            "Occipital": 0.017049959489389692
        }
    },