{
    "Resting task": {
        "Delta": {
            "Frontal": 0.452659776670323,
            "Central": 0.2828427045420715,
            "Parietal": 0.28258058114134477,
            "Temporal": 0.4819636786202849,
            "Occipital": 0.1761712049555912
        },
        "Theta": {
            "Frontal": 0.15655094147826115,
            "Central": 0.14916759178441624,
            "Parietal": 0.11503953346009547,
            "Temporal": 0.1456814380458654,
            "Occipital": 0.09220158479289184
        },
        "Alpha": {
            "Frontal": 0.2714880666808204,
            "Central": 0.43362773219185824,
            "Parietal": 0.49555182840157863,
            "Temporal": 0.26490224742351426,
            "Occipital": 0.6341153589315582
        },
        "Beta": {
            "Frontal": 0.10804972281562984,
            "Central": 0.12253896070638011,
            "Parietal": 0.09724655718469422,
            "Temporal": 0.09632656239111093,
            "Occipital": 0.0890724817740158
        },
        "Gamma": {
            "Frontal": 0.011251492354965803,
            "Central": 0.011823010775273844,
            "Parietal": 0.009581499812286903,
            "Temporal": 0.011126073519224402,
            "Occipital": 0.008439369545943074
        }
    },
    "Counting task 1": {
        "Delta": {
            "Frontal": 0.651820269002609,
            "Central": 0.6144622552075211,
            "Parietal": 0.6577918495669639,
            "Temporal": 0.7092446590973893,
            "Occipital": 0.5542242691045275
        },
        "Theta": {
            "Frontal": 0.17221881840002826,
            "Central": 0.17490101738625338,
            "Parietal": 0.1561163660268508,
            "Temporal": 0.14250508453861133,
            "Occipital": 0.14572456481590673
        },
        "Alpha": {
            "Frontal": 0.08917806235011386,
            "Central": 0.10694630358360027,
            "Parietal": 0.10178893188356064,
            "Temporal": 0.06939753471970908,
            "Occipital": 0.18152194662859175
        },
        "Beta": {
            "Frontal": 0.0761844656423598,
            "Central": 0.09188634206462816,
            "Parietal": 0.07666428497549517,
            "Temporal": 0.06760113657690583,
            "Occipital": 0.10886359612353283
        },
        "Gamma": {
            "Frontal": 0.010598384604888994,
            "Central": 0.011804081757997296,
            "Parietal": 0.00763856754712955,
            "Temporal": 0.01125158506738445,
            "Occipital": 0.009665623327441223
        }
    },
    "Word formation task": {
        "Delta": {
            "Frontal": 0.7191101796504782,
            "Central": 0.6443532884602007,
            "Parietal": 0.6815245294658837,
            "Temporal": 0.8574081987177099,
            "Occipital": 0.5909904696399738
        },
        "Theta": {
            "Frontal": 0.119382553201681,
            "Central": 0.14718465599249916,
            "Parietal": 0.12457000904078497,
            "Temporal": 0.07283687319315907,
            "Occipital": 0.13267499938050636
        },
        "Alpha": {
            "Frontal": 0.0732138560090168,
            "Central": 0.10739557385473605,
            "Parietal": 0.11032332273505309,
            "Temporal": 0.035096075475890526,
            "Occipital": 0.15930472525263972
        },
        "Beta": {
            "Frontal": 0.07665077710847287,
            "Central": 0.08805461083098709,
            "Parietal": 0.07566761501035622,
            "Temporal": 0.028873251760602087,
            "Occipital": 0.10573754641834973
        },
        "Gamma": {
            "Frontal": 0.011642634030351257,
            "Central": 0.013011870861577127,
            "Parietal": 0.007914523747922,
            "Temporal": 0.005785600852638251,
            "Occipital": 0.011292259308530363
        }
    },
    "Counting task 2": {
        "Delta": {
            "Frontal": 0.6676523021040862,
            "Central": 0.5561093743348369,
            "Parietal": 0.6114231925459226,
            "Temporal": 0.7454462394386526,
            "Occipital": 0.5178270961186423
        },
        "Theta": {
            "Frontal": 0.1362551337874239,
            "Central": 0.1522186544593422,
            "Parietal": 0.12151048091967298,
            "Temporal": 0.10113386958656849,
            "Occipital": 0.13040300063768723
        },
        "Alpha": {
            "Frontal": 0.09981120696166905,
            "Central": 0.1633798144924996,
            "Parietal": 0.17196548370832715,
            "Temporal": 0.07572729862312767,
            "Occipital": 0.24114458561394075
        },
        "Beta": {
            "Frontal": 0.08505700008406393,
            "Central": 0.10875233606989987,
            "Parietal": 0.08630381860228933,
            "Temporal": 0.0662392594027765,
            "Occipital": 0.09795210417422523
        },
        "Gamma": {
            "Frontal": 0.01122435706275675,
            "Central": 0.01953982064342139,
            "Parietal": 0.008797024223787895,
            "Temporal": 0.01145333294887469,
            "Occipital": 0.012673213455504564
        }
    },
    "Imaginary defecation task": {
        "Delta": {
            "Frontal": 0.698734870076602,
            "Central": 0.6014388321863307,
            "Parietal": 0.6390931617937818,
            "Temporal": 0.8487749517107919,
            "Occipital": 0.5682004185855236
        },
        "Theta": {
            "Frontal": 0.14061611672764734,
            "Central": 0.15611734347892864,
            "Parietal": 0.1431190905569168,
            "Temporal": 0.06849216167326508,
            "Occipital": 0.1297783165008331
        },
        "Alpha": {
            "Frontal": 0.08197460552166436,
            "Central": 0.11996007635324062,
            "Parietal": 0.11327062615067846,
            "Temporal": 0.036129431102478037,
            "Occipital": 0.17979890109486873
        },
        "Beta": {
            "Frontal": 0.0704933995745715,
            "Central": 0.10987237657215668,
            "Parietal": 0.09451141059297657,
            "Temporal": 0.03959926420629169,
            "Occipital": 0.11562034676411803
        },
        "Gamma": {
            "Frontal": 0.008181008099514634,
            "Central": 0.012611371409343439,
            "Parietal": 0.010005710905646246,
            "Temporal": 0.007004191307173528,
            "Occipital": 0.006602017054656626
        }
    },
    "Simulated defecation task": {
        "Delta": {
            "Frontal": 0.6751963835463978,
            "Central": 0.6289481430693401,
            "Parietal": 0.6315057853148713,
            "Temporal": 0.9120708382347755,
            "Occipital": 0.4814480679236781
        },
        "Theta": {
            "Frontal": 0.14816685760555073,
            "Central": 0.14973947636729126,
            "Parietal": 0.1399612045448315,
            "Temporal": 0.04832842421324564,
            "Occipital": 0.14642992936938376
        },
        "Alpha": {
            "Frontal": 0.08289674239336922,
            "Central": 0.10620920442205692,
            "Parietal": 0.11481521501501567,
            "Temporal": 0.016883390510217658,
            "Occipital": 0.2423693510862609
        },
        "Beta": {
            "Frontal": 0.07997931591915292,
            "Central": 0.10158583424628155,
            "Parietal": 0.0999985108084551,
            "Temporal": 0.01859052165897542,
            "Occipital": 0.12242604329487437
        },
        "Gamma": {
            "Frontal": 0.01376070053552936,
            "Central": 0.01351734189503016,
            "Parietal": 0.013719284316826372,
            "Temporal": 0.004126825382785758,
            "Occipital": 0.007326608325802833
        }
    },