{
    "Resting task": {
        "Delta": {
            "Frontal": 0.4997760324096241,
            "Central": 0.48117424695593547,
            "Parietal": 0.5603104653776574,
            "Temporal": 0.5144074718373159,
            "Occipital": 0.5654181945078018
        },
        "Theta": {
            "Frontal": 0.2367134935750223,
            "Central": 0.2336995533981583,
            "Parietal": 0.21278469912396897,
            "Temporal": 0.2272155080982175,
            "Occipital": 0.19063050132126524
        },
        "Alpha": {
            "Frontal": 0.1218160502279472,
            "Central": 0.1341182432261224,
            "Parietal": 0.10765139531770664,
            "Temporal": 0.12050564035863179,
            "Occipital": 0.11300002748816643
        },
        "Beta": {
            "Frontal": 0.11295090796294256,
            "Central": 0.12121771833930785,
            "Parietal": 0.09524345913318638,
            "Temporal": 0.11140624268785468,
            "Occipital": 0.10417908712478971
        },
        "Gamma": {
            "Frontal": 0.028743515824463862,
            "Central": 0.029790238080475987,
            "Parietal": 0.024009981047480637,
            "Temporal": 0.02646513701798009,
            "Occipital": 0.026772189557976833
        }
    },
    "Counting task 1": {
        "Delta": {
            "Frontal": 0.534612048227953,
            "Central": 0.5343360110430644,
            "Parietal": 0.5218549065296966,
            "Temporal": 0.427846289923857,
            "Occipital": 0.568638970062411
        },
        "Theta": {
            "Frontal": 0.14410757849596253,
            "Central": 0.15348887903412395,
            "Parietal": 0.20302314187557863,
            "Temporal": 0.21337091902326985,
            "Occipital": 0.15532530857821475
        },
        "Alpha": {
            "Frontal": 0.19247032723377402,
            "Central": 0.17364433382276825,
            "Parietal": 0.14438722114646524,
            "Temporal": 0.19409240666526842,
            "Occipital": 0.13248488438096068
        },
        "Beta": {
            "Frontal": 0.09867091661676029,
            "Central": 0.1046788306768137,
            "Parietal": 0.10651556795115331,
            "Temporal": 0.12274120230858161,
            "Occipital": 0.11963181917350234
        },
        "Gamma": {
            "Frontal": 0.030139129425550103,
            "Central": 0.033851945423229765,
            "Parietal": 0.02421916249710632,
            "Temporal": 0.0419491820790231,
            "Occipital": 0.02391901780491129
        }
    },
    "Word formation task": {
        "Delta": {
            "Frontal": 0.5437299195790282,
            "Central": 0.5321793367293204,
            "Parietal": 0.7133920828165261,
            "Temporal": 0.6028047105120601,
            "Occipital": 0.649495285917005
        },
        "Theta": {
            "Frontal": 0.1937055523436846,
            "Central": 0.1751372802999284,
            "Parietal": 0.12255836916195992,
            "Temporal": 0.19195578483683873,
            "Occipital": 0.1287048688073183
        },
        "Alpha": {
            "Frontal": 0.08215572670588807,
            "Central": 0.08464036949383556,
            "Parietal": 0.05299946566290146,
            "Temporal": 0.05627233778459425,
            "Occipital": 0.06660964343538589
        },
        "Beta": {
            "Frontal": 0.14947225860253724,
            "Central": 0.1741484698627265,
            "Parietal": 0.08998164886478649,
            "Temporal": 0.11631039256395015,
            "Occipital": 0.1275765357598107
        },
        "Gamma": {
            "Frontal": 0.030936542768861867,
            "Central": 0.033894543614188984,
            "Parietal": 0.02106843349382596,
            "Temporal": 0.0326567743025568,
            "Occipital": 0.027613666080480003
        }
    },
    "Counting task 2": {
        "Delta": {
            "Frontal": 0.6594177383460091,
            "Central": 0.6249360453973888,
            "Parietal": 0.6219545623469218,
            "Temporal": 0.6433935188252488,
            "Occipital": 0.6419155850991041
        },
        "Theta": {
            "Frontal": 0.13363216637748443,
            "Central": 0.15158195074367525,
            "Parietal": 0.15652712917027697,
            "Temporal": 0.1497144279417469,
            "Occipital": 0.14929413818962373
        },
        "Alpha": {
            "Frontal": 0.08203011431446088,
            "Central": 0.0950229758865132,
            "Parietal": 0.09411624804901844,
            "Temporal": 0.09637092676591134,
            "Occipital": 0.09830866362916842
        },
        "Beta": {
            "Frontal": 0.10177816914517038,
            "Central": 0.10439911005673005,
            "Parietal": 0.10446118337978037,
            "Temporal": 0.08716542577523155,
            "Occipital": 0.09119034332389123
        },
        "Gamma": {
            "Frontal": 0.023141811816875038,
            "Central": 0.024059917915692626,
            "Parietal": 0.022940877054002363,
            "Temporal": 0.023355700691861474,
            "Occipital": 0.0192912697582125
        }
    },
    "Imaginary defecation task": {
        "Delta": {
            "Frontal": 0.7642057798443301,
            "Central": 0.7033325883932058,
            "Parietal": 0.7640157693284784,
            "Temporal": 0.8484433146666086,
            "Occipital": 0.8129913447471353
        },
        "Theta": {
            "Frontal": 0.07288532021454217,
            "Central": 0.08684882636673884,
            "Parietal": 0.10579862853266918,
            "Temporal": 0.05069538797162658,
            "Occipital": 0.0749693030235698
        },
        "Alpha": {
            "Frontal": 0.0596726205275079,
            "Central": 0.08169983941382716,
            "Parietal": 0.05201496375206953,
            "Temporal": 0.03667256156533478,
            "Occipital": 0.04314412187028353
        },
        "Beta": {
            "Frontal": 0.0820868066116672,
            "Central": 0.10327205197147428,
            "Parietal": 0.0628554897914527,
            "Temporal": 0.05282907734977601,
            "Occipital": 0.05733829296804746
        },
        "Gamma": {
            "Frontal": 0.02114947280195257,
            "Central": 0.024846693854753958,
            "Parietal": 0.015315148595330369,
            "Temporal": 0.01135965844665411,
            "Occipital": 0.011556937390963935
        }
    },
    "Simulated defecation task": {
        "Delta": {
            "Frontal": 0.62482102922733,
            "Central": 0.5081869488706429,
            "Parietal": 0.5844441076673791,
            "Temporal": 0.6774455787086364,
            "Occipital": 0.6036014338024206
        },
        "Theta": {
            "Frontal": 0.08847719711490566,
            "Central": 0.09932714461575991,
            "Parietal": 0.09009056794816463,
            "Temporal": 0.07227018638226378,
            "Occipital": 0.08695081567047097
        },
        "Alpha": {
            "Frontal": 0.061022732607321106,
            "Central": 0.07398724575158562,
            "Parietal": 0.06151594871454403,
            "Temporal": 0.044842444755101296,
            "Occipital": 0.06586431235445545
        },
        "Beta": {
            "Frontal": 0.192028849970315,
            "Central": 0.2788392682331452,
            "Parietal": 0.23734861788730133,
            "Temporal": 0.1798952635505346,
            "Occipital": 0.22292323276587866
        },
        "Gamma": {
            "Frontal": 0.033650191080128386,
            "Central": 0.039659392528866244,
            "Parietal": 0.026600757782610982,
            "Temporal": 0.025546526603463758,
            "Occipital": 0.020660205406774382
        }
    },