{
    "Resting task": {
        "Delta": {
            "Frontal": 0.28873959333287674,
            "Central": 0.351155886221517,
            "Parietal": 0.2802488114837958,
            "Temporal": 0.4385380983521846,
            "Occipital": 0.3658336086750353
        },
        "Theta": {
            "Frontal": 0.1273935732991265,
            "Central": 0.13613398248808622,
            "Parietal": 0.13754776178589373,
            "Temporal": 0.12862837859122514,
            "Occipital": 0.12459478334411318
        },
        "Alpha": {
            "Frontal": 0.4094188144037077,
            "Central": 0.3761295918073615,
            "Parietal": 0.4269135521690499,
            "Temporal": 0.30163905536789687,
            "Occipital": 0.3896400980754906
        },
        "Beta": {
            "Frontal": 0.14880220765866858,
            "Central": 0.12326616335798919,
            "Parietal": 0.14256423230973583,
            "Temporal": 0.11529365655883979,
            "Occipital": 0.10846221920544286
        },
        "Gamma": {
            "Frontal": 0.02564581130562037,
            "Central": 0.013314376125046073,
            "Parietal": 0.01272564225152466,
            "Temporal": 0.01590081112985364,
            "Occipital": 0.011469290699918117
        }
    },
    "Counting task 1": {
        "Delta": {
            "Frontal": 0.2425249296397535,
            "Central": 0.21395221370003895,
            "Parietal": 0.2661934310057499,
            "Temporal": 0.32974454945408727,
            "Occipital": 0.30447028047737523
        },
        "Theta": {
            "Frontal": 0.1828828000878732,
            "Central": 0.19817094411888347,
            "Parietal": 0.14465024626065537,
            "Temporal": 0.1362293671159017,
            "Occipital": 0.14203423948816904
        },
        "Alpha": {
            "Frontal": 0.19245345477666245,
            "Central": 0.2713756247539122,
            "Parietal": 0.28860614356186887,
            "Temporal": 0.20197809599442113,
            "Occipital": 0.22390518221850655
        },
        "Beta": {
            "Frontal": 0.24091765888214772,
            "Central": 0.22458758172277807,
            "Parietal": 0.22120650077491935,
            "Temporal": 0.23514639313845861,
            "Occipital": 0.240750309901586
        },
        "Gamma": {
            "Frontal": 0.14122115661356324,
            "Central": 0.09191363570438735,
            "Parietal": 0.0793436783968065,
            "Temporal": 0.09690159429713134,
            "Occipital": 0.08883998791436325
        }
    },
    "Word formation task": {
        "Delta": {
            "Frontal": 0.4245287568559778,
            "Central": 0.4084591124200926,
            "Parietal": 0.4649110777434508,
            "Temporal": 0.4874581127290509,
            "Occipital": 0.5347412964812859
        },
        "Theta": {
            "Frontal": 0.13172091447301706,
            "Central": 0.17480019937220118,
            "Parietal": 0.15444519794849737,
            "Temporal": 0.15310319035156705,
            "Occipital": 0.1475085773509873
        },
        "Alpha": {
            "Frontal": 0.1796208552689575,
            "Central": 0.2108549200103846,
            "Parietal": 0.1723922961549391,
            "Temporal": 0.16251374763182755,
            "Occipital": 0.10399169072612709
        },
        "Beta": {
            "Frontal": 0.2208878011183666,
            "Central": 0.17611333382197128,
            "Parietal": 0.1750527806777264,
            "Temporal": 0.16291153769954486,
            "Occipital": 0.16053255673210512
        },
        "Gamma": {
            "Frontal": 0.043241672283681004,
            "Central": 0.02977243437535041,
            "Parietal": 0.03319864747538633,
            "Temporal": 0.034013411588009676,
            "Occipital": 0.053225878709494606
        }
    },
    "Counting task 2": {
        "Delta": {
            "Frontal": 0.6517067006784955,
            "Central": 0.6212357766182764,
            "Parietal": 0.6402925569703186,
            "Temporal": 0.6997557564433887,
            "Occipital": 0.6960386789941556
        },
        "Theta": {
            "Frontal": 0.09873586485780587,
            "Central": 0.10520581046806234,
            "Parietal": 0.09181051768824218,
            "Temporal": 0.1015446626424616,
            "Occipital": 0.09212970825512151
        },
        "Alpha": {
            "Frontal": 0.09436732213849394,
            "Central": 0.10328857310186852,
            "Parietal": 0.09150057402651318,
            "Temporal": 0.06788975447183528,
            "Occipital": 0.07459417857461674
        },
        "Beta": {
            "Frontal": 0.12253544726824334,
            "Central": 0.14085014969337142,
            "Parietal": 0.14721161387534443,
            "Temporal": 0.10076261151852417,
            "Occipital": 0.11022150406234531
        },
        "Gamma": {
            "Frontal": 0.03265466505696141,
            "Central": 0.029419690118421327,
            "Parietal": 0.029184737439581603,
            "Temporal": 0.03004721492379016,
            "Occipital": 0.027015930113760675
        }
    },
    "Imaginary defecation task": {
        "Delta": {
            "Frontal": 0.5616538606971774,
            "Central": 0.5414386212220019,
            "Parietal": 0.603449909593394,
            "Temporal": 0.7467302774103699,
            "Occipital": 0.7115265784788518
        },
        "Theta": {
            "Frontal": 0.0832357938938419,
            "Central": 0.07595955246836425,
            "Parietal": 0.06744263151437511,
            "Temporal": 0.05671887471743048,
            "Occipital": 0.05819484886546477
        },
        "Alpha": {
            "Frontal": 0.10729447617229364,
            "Central": 0.10808061501025926,
            "Parietal": 0.11410441025377963,
            "Temporal": 0.05271312889314968,
            "Occipital": 0.0964300048755507
        },
        "Beta": {
            "Frontal": 0.1938821911163836,
            "Central": 0.22104551316129756,
            "Parietal": 0.17874419174072936,
            "Temporal": 0.11283153003760929,
            "Occipital": 0.10932022912599187
        },
        "Gamma": {
            "Frontal": 0.0539336781203034,
            "Central": 0.053475698138077114,
            "Parietal": 0.03625885689772193,
            "Temporal": 0.03100618894144074,
            "Occipital": 0.024528338654140846
        }
    },
    "Simulated defecation task": {
        "Delta": {
            "Frontal": 0.4414478489556283,
            "Central": 0.4730438410348838,
            "Parietal": 0.4367778991029492,
            "Temporal": 0.4698427317568819,
            "Occipital": 0.5524387057439305
        },
        "Theta": {
            "Frontal": 0.13534815311177734,
            "Central": 0.13398537150950193,
            "Parietal": 0.13284519816444984,
            "Temporal": 0.12790924154870684,
            "Occipital": 0.10648157915466737
        },
        "Alpha": {
            "Frontal": 0.19325758473827026,
            "Central": 0.1750299925603534,
            "Parietal": 0.18696066829046473,
            "Temporal": 0.1712898369251446,
            "Occipital": 0.16895519226509526
        },
        "Beta": {
            "Frontal": 0.20109406695754348,
            "Central": 0.19770512731511478,
            "Parietal": 0.2247490273587538,
            "Temporal": 0.2006216834633891,
            "Occipital": 0.15506950514984041
        },
        "Gamma": {
            "Frontal": 0.028852346236780593,
            "Central": 0.02023566758014612,
            "Parietal": 0.018667207083382504,
            "Temporal": 0.030336506305877458,
            "Occipital": 0.01705501768646646
        }
    },