{
    "Resting task": {
        "Delta": {
            "Frontal": 0.6452909545756518,
            "Central": 0.607585615538796,
            "Parietal": 0.608079981452561,
            "Temporal": 0.7172148362457136,
            "Occipital": 0.6491205327854745
        },
        "Theta": {
            "Frontal": 0.16789116205702842,
            "Central": 0.17152097751956616,
            "Parietal": 0.1570126487579242,
            "Temporal": 0.14242680313975783,
            "Occipital": 0.13469528949903087
        },
        "Alpha": {
            "Frontal": 0.1361969161798602,
            "Central": 0.16351001728291212,
            "Parietal": 0.17694780938735638,
            "Temporal": 0.10444665352196716,
            "Occipital": 0.16804546034297907
        },
        "Beta": {
            "Frontal": 0.04562277318405248,
            "Central": 0.052599867969083614,
            "Parietal": 0.05394458894462315,
            "Temporal": 0.03230539267250966,
            "Occipital": 0.04494814253750837
        },
        "Gamma": {
            "Frontal": 0.004998194003406892,
            "Central": 0.004783521689642111,
            "Parietal": 0.004014971457535151,
            "Temporal": 0.003606314420051749,
            "Occipital": 0.0031905748350071535
        }
    },
    "Counting task 1": {
        "Delta": {
            "Frontal": 0.8278328250165261,
            "Central": 0.8351469995463804,
            "Parietal": 0.833660926470948,
            "Temporal": 0.8322634582713734,
            "Occipital": 0.8400084623222206
        },
        "Theta": {
            "Frontal": 0.14061940591142366,
            "Central": 0.13832077910419674,
            "Parietal": 0.1377752474929974,
            "Temporal": 0.14022787865403225,
            "Occipital": 0.13056733899323641
        },
        "Alpha": {
            "Frontal": 0.01696914678969711,
            "Central": 0.013991914476598878,
            "Parietal": 0.014915979732364047,
            "Temporal": 0.014626275813480333,
            "Occipital": 0.0153140118347539
        },
        "Beta": {
            "Frontal": 0.012182594272433867,
            "Central": 0.010547854112298456,
            "Parietal": 0.011456599237756278,
            "Temporal": 0.010772268624456117,
            "Occipital": 0.011804569546008887
        },
        "Gamma": {
            "Frontal": 0.00239602800991911,
            "Central": 0.001992452760525612,
            "Parietal": 0.0021912470659342514,
            "Temporal": 0.002110118636657819,
            "Occipital": 0.0023056173037802772
        }
    },
    "Word formation task": {
        "Delta": {
            "Frontal": 0.5963534714717804,
            "Central": 0.5580239552131333,
            "Parietal": 0.5546602144674644,
            "Temporal": 0.5758854286564506,
            "Occipital": 0.610973578403624
        },
        "Theta": {
            "Frontal": 0.3269295449175268,
            "Central": 0.35513696231972014,
            "Parietal": 0.35966914111385184,
            "Temporal": 0.34700413180440204,
            "Occipital": 0.3107945031587119
        },
        "Alpha": {
            "Frontal": 0.038255870964477016,
            "Central": 0.04470376259414196,
            "Parietal": 0.04342142133974641,
            "Temporal": 0.03876875924113706,
            "Occipital": 0.03916173388701447
        },
        "Beta": {
            "Frontal": 0.0333551375362581,
            "Central": 0.036954724972260856,
            "Parietal": 0.036848074194725744,
            "Temporal": 0.03289920812981582,
            "Occipital": 0.03412457628359902
        },
        "Gamma": {
            "Frontal": 0.005105975109957667,
            "Central": 0.005180594900743646,
            "Parietal": 0.005401148884211795,
            "Temporal": 0.005442472168194486,
            "Occipital": 0.004945608267050588
        }
    },
    "Counting task 2": {
        "Delta": {
            "Frontal": 0.6889612880705477,
            "Central": 0.6128603955862653,
            "Parietal": 0.5904953656956571,
            "Temporal": 0.6995608645014327,
            "Occipital": 0.6198452029894533
        },
        "Theta": {
            "Frontal": 0.14710476254496993,
            "Central": 0.17138606447103916,
            "Parietal": 0.15515371000142072,
            "Temporal": 0.13500396175977156,
            "Occipital": 0.1488522846821246
        },
        "Alpha": {
            "Frontal": 0.07390470895595348,
            "Central": 0.10430948351118909,
            "Parietal": 0.12573823711236282,
            "Temporal": 0.07652694603180367,
            "Occipital": 0.1111208031924832
        },
        "Beta": {
            "Frontal": 0.07856907564477653,
            "Central": 0.09930971685248866,
            "Parietal": 0.1161810929019779,
            "Temporal": 0.07497508819915716,
            "Occipital": 0.10974312781874007
        },
        "Gamma": {
            "Frontal": 0.011460164783752504,
            "Central": 0.012134339579017887,
            "Parietal": 0.012431594288581486,
            "Temporal": 0.013933139507834865,
            "Occipital": 0.010438581317198672
        }
    },
    "Imaginary defecation task": {
        "Delta": {
            "Frontal": 0.6839518247700171,
            "Central": 0.6139813284823387,
            "Parietal": 0.618113021330363,
            "Temporal": 0.710294813520389,
            "Occipital": 0.6358836422971437
        },
        "Theta": {
            "Frontal": 0.12046005051254027,
            "Central": 0.12661879162510012,
            "Parietal": 0.10801953843387135,
            "Temporal": 0.10791405214004061,
            "Occipital": 0.09842660590365396
        },
        "Alpha": {
            "Frontal": 0.07470501446070768,
            "Central": 0.10042268037600104,
            "Parietal": 0.12896205330262867,
            "Temporal": 0.08653865262804708,
            "Occipital": 0.1288591140865464
        },
        "Beta": {
            "Frontal": 0.10657777114530875,
            "Central": 0.14354979514407967,
            "Parietal": 0.13719607623642532,
            "Temporal": 0.08604869569458956,
            "Occipital": 0.13050027871465103
        },
        "Gamma": {
            "Frontal": 0.014305339111426143,
            "Central": 0.015427404372480623,
            "Parietal": 0.0077093106967115604,
            "Temporal": 0.009203786016933646,
            "Occipital": 0.006330358998004933
        }
    },
    "Simulated defecation task": {
        "Delta": {
            "Frontal": 0.6536666091396182,
            "Central": 0.6466955843691495,
            "Parietal": 0.6515898421577206,
            "Temporal": 0.6643837100883518,
            "Occipital": 0.6678998912847733
        },
        "Theta": {
            "Frontal": 0.18560399197560273,
            "Central": 0.19342639888569918,
            "Parietal": 0.17851258820884647,
            "Temporal": 0.18247453815400214,
            "Occipital": 0.17014742775168856
        },
        "Alpha": {
            "Frontal": 0.10854825825231311,
            "Central": 0.10617259177404578,
            "Parietal": 0.11600090690404372,
            "Temporal": 0.10966137330164363,
            "Occipital": 0.10685550250318564
        },
        "Beta": {
            "Frontal": 0.048631737410657495,
            "Central": 0.050893979594555085,
            "Parietal": 0.05165223608684672,
            "Temporal": 0.04138514122949061,
            "Occipital": 0.05279785325540748
        },
        "Gamma": {
            "Frontal": 0.0035494032218085685,
            "Central": 0.0028114453765505226,
            "Parietal": 0.002244426642542508,
            "Temporal": 0.0020952372265117553,