{
    "Resting task": {
        "Delta": {
            "Frontal": 0.43612328670360617,
            "Central": 0.45572492661717495,
            "Parietal": 0.3915182155698841,
            "Temporal": 0.39102868417231107,
            "Occipital": 0.42302742635522883
        },
        "Theta": {
            "Frontal": 0.20027380298566175,
            "Central": 0.19437362291582105,
            "Parietal": 0.19960080852167786,
            "Temporal": 0.19672660776665024,
            "Occipital": 0.20932136420933295
        },
        "Alpha": {
            "Frontal": 0.17795154272435862,
            "Central": 0.1773325901581897,
            "Parietal": 0.2074485629252602,
            "Temporal": 0.17589128046502747,
            "Occipital": 0.21573195650220633
        },
        "Beta": {
            "Frontal": 0.15474279813724048,
            "Central": 0.14489654842198604,
            "Parietal": 0.167352973779138,
            "Temporal": 0.193811004716341,
            "Occipital": 0.125613683444709
        },
        "Gamma": {
            "Frontal": 0.030908569449132957,
            "Central": 0.02767231188682831,
            "Parietal": 0.03407943920403985,
            "Temporal": 0.042542422879670284,
            "Occipital": 0.02630556948852298
        }
    },
    "Counting task 1": {
        "Delta": {
            "Frontal": 0.3513526249996924,
            "Central": 0.38128676038184983,
            "Parietal": 0.2766761996818745,
            "Temporal": 0.32444635901762736,
            "Occipital": 0.346960725022624
        },
        "Theta": {
            "Frontal": 0.33538765432566003,
            "Central": 0.3424085742647547,
            "Parietal": 0.3845393583679308,
            "Temporal": 0.36067069188493256,
            "Occipital": 0.3781102971526502
        },
        "Alpha": {
            "Frontal": 0.2217755270044421,
            "Central": 0.1913813879690139,
            "Parietal": 0.2522213394055498,
            "Temporal": 0.22954749998179355,
            "Occipital": 0.20894674343316283
        },
        "Beta": {
            "Frontal": 0.08073948928906993,
            "Central": 0.07530590497678284,
            "Parietal": 0.07662821279381318,
            "Temporal": 0.07460831123436326,
            "Occipital": 0.05787455814631455
        },
        "Gamma": {
            "Frontal": 0.010744704381135558,
            "Central": 0.009617372407598645,
            "Parietal": 0.009934889750831719,
            "Temporal": 0.01072713788128327,
            "Occipital": 0.00810767624524844
        }
    },
    "Word formation task": {
        "Delta": {
            "Frontal": 0.6926461841266675,
            "Central": 0.6812579121060789,
            "Parietal": 0.6769073194411301,
            "Temporal": 0.750501148615353,
            "Occipital": 0.6600973270345643
        },
        "Theta": {
            "Frontal": 0.14774802503246223,
            "Central": 0.1488537330680296,
            "Parietal": 0.15346735641084772,
            "Temporal": 0.12435270442342568,
            "Occipital": 0.15907473776824715
        },
        "Alpha": {
            "Frontal": 0.06969798666203453,
            "Central": 0.0815158148499598,
            "Parietal": 0.07660001108166312,
            "Temporal": 0.05449285270205144,
            "Occipital": 0.08383137879703448
        },
        "Beta": {
            "Frontal": 0.07386148608617256,
            "Central": 0.07444862167573797,
            "Parietal": 0.07606930574042217,
            "Temporal": 0.0569942983981781,
            "Occipital": 0.07970884041702933
        },
        "Gamma": {
            "Frontal": 0.016046318092663346,
            "Central": 0.013923918300193761,
            "Parietal": 0.016956007325936773,
            "Temporal": 0.01365899586099178,
            "Occipital": 0.01728771598312489
        }
    },
    "Counting task 2": {
        "Delta": {
            "Frontal": 0.5927435160744984,
            "Central": 0.5951976293854516,
            "Parietal": 0.574643058301479,
            "Temporal": 0.5679706938896029,
            "Occipital": 0.6007054307170976
        },
        "Theta": {
            "Frontal": 0.23847442960571189,
            "Central": 0.2399335644641287,
            "Parietal": 0.2536162812548473,
            "Temporal": 0.2625491418905822,
            "Occipital": 0.246475601232773
        },
        "Alpha": {
            "Frontal": 0.08759656571409413,
            "Central": 0.0866910366920443,
            "Parietal": 0.0876756086434795,
            "Temporal": 0.08587731784690861,
            "Occipital": 0.07966359527972944
        },
        "Beta": {
            "Frontal": 0.06445666534856638,
            "Central": 0.06390705387161699,
            "Parietal": 0.06690932621401066,
            "Temporal": 0.06579527595768735,
            "Occipital": 0.05814397574987223
        },
        "Gamma": {
            "Frontal": 0.0167288232571293,
            "Central": 0.014270715586758334,
            "Parietal": 0.017155725586183553,
            "Temporal": 0.017807570415218944,
            "Occipital": 0.015011397020527888
        }
    },
    "Imaginary defecation task": {
        "Delta": {
            "Frontal": 0.23143781728312696,
            "Central": 0.23857097489134096,
            "Parietal": 0.18943924912528531,
            "Temporal": 0.15755547182856985,
            "Occipital": 0.25991837196973144
        },
        "Theta": {
            "Frontal": 0.5256224907897973,
            "Central": 0.5280167374392576,
            "Parietal": 0.5730283311736062,
            "Temporal": 0.5894229803544437,
            "Occipital": 0.5393561963333189
        },
        "Alpha": {
            "Frontal": 0.16645987369106335,
            "Central": 0.15840863298501423,
            "Parietal": 0.16413335951612382,
            "Temporal": 0.15860419633847203,
            "Occipital": 0.14053603995294356
        },
        "Beta": {
            "Frontal": 0.066681702479354,
            "Central": 0.06424746466298273,
            "Parietal": 0.06189820918349853,
            "Temporal": 0.07955395390236353,
            "Occipital": 0.05069629304462954
        },
        "Gamma": {
            "Frontal": 0.009798115756658489,
            "Central": 0.010756190021404351,
            "Parietal": 0.011500851001486167,
            "Temporal": 0.014863397576150812,
            "Occipital": 0.009493098699376498
        }
    },
    "Simulated defecation task": {
        "Delta": {
            "Frontal": 0.3941535192838872,
            "Central": 0.4062034127038487,
            "Parietal": 0.3974557482203696,
            "Temporal": 0.3759683151603116,
            "Occipital": 0.45910683795937146
        },
        "Theta": {
            "Frontal": 0.35723417190943313,
            "Central": 0.3524817357664356,
            "Parietal": 0.35972866506991713,
            "Temporal": 0.3662103522607524,
            "Occipital": 0.33114728845223074
        },
        "Alpha": {
            "Frontal": 0.14070734822345782,
            "Central": 0.13638664256599023,
            "Parietal": 0.13687516528051658,
            "Temporal": 0.1280839012863007,
            "Occipital": 0.11789305802174203
        },
        "Beta": {
            "Frontal": 0.0963583605646925,
            "Central": 0.09324462853885604,
            "Parietal": 0.093092863778874,
            "Temporal": 0.10993726838866062,
            "Occipital": 0.07919753560144038
        },
        "Gamma": {
            "Frontal": 0.011546600018529387,
            "Central": 0.011683580424869538,
            "Parietal": 0.012847557650322741,
            "Temporal": 0.019800162903974662,
            "Occipital": 0.01265527996521545
        }
    },