{
    "Resting task": {
        "Delta": {
            "Frontal": 0.41783188966938156,
            "Central": 0.4905991057999722,
            "Parietal": 0.48604847144607766,
            "Temporal": 0.5287408531162344,
            "Occipital": 0.5396251956202431
        },
        "Theta": {
            "Frontal": 0.1685585885536014,
            "Central": 0.15477722858554369,
            "Parietal": 0.14675282575705115,
            "Temporal": 0.12579382943020173,
            "Occipital": 0.13135988119344105
        },
        "Alpha": {
            "Frontal": 0.12479443671391753,
            "Central": 0.11210271114949337,
            "Parietal": 0.12289498904447185,
            "Temporal": 0.12403004327419113,
            "Occipital": 0.1190149408594532
        },
        "Beta": {
            "Frontal": 0.2730923475843146,
            "Central": 0.22943054070424,
            "Parietal": 0.2329539206714228,
            "Temporal": 0.2086255602541558,
            "Occipital": 0.19953774495430196
        },
        "Gamma": {
            "Frontal": 0.015722737478784804,
            "Central": 0.013090413760750794,
            "Parietal": 0.011349793080976459,
            "Temporal": 0.012809713925216995,
            "Occipital": 0.010462237372560674
        }
    },
    "Counting task 1": {
        "Delta": {
            "Frontal": 0.5549236853313574,
            "Central": 0.5457055543542072,
            "Parietal": 0.5304701448088174,
            "Temporal": 0.5620033464629224,
            "Occipital": 0.49269355181744523
        },
        "Theta": {
            "Frontal": 0.17397507959015188,
            "Central": 0.1807301332441455,
            "Parietal": 0.15506902498509642,
            "Temporal": 0.1528310383632165,
            "Occipital": 0.14605936573485256
        },
        "Alpha": {
            "Frontal": 0.07353208273361156,
            "Central": 0.0858815812469594,
            "Parietal": 0.10383557098642429,
            "Temporal": 0.08091695597678714,
            "Occipital": 0.11926681635441883
        },
        "Beta": {
            "Frontal": 0.17582486263496025,
            "Central": 0.1672056302616995,
            "Parietal": 0.19542641565263838,
            "Temporal": 0.18372122694326015,
            "Occipital": 0.2234089126664459
        },
        "Gamma": {
            "Frontal": 0.02174428970991895,
            "Central": 0.020477100892988404,
            "Parietal": 0.015198843567023638,
            "Temporal": 0.020527432253813902,
            "Occipital": 0.018571353426837515
        }
    },
    "Word formation task": {
        "Delta": {
            "Frontal": 0.5032042705524513,
            "Central": 0.49068735503337224,
            "Parietal": 0.49502468994140447,
            "Temporal": 0.5753950358784878,
            "Occipital": 0.5271100881932851
        },
        "Theta": {
            "Frontal": 0.15182109402560529,
            "Central": 0.16286692493107371,
            "Parietal": 0.14704758107572605,
            "Temporal": 0.12464253284491918,
            "Occipital": 0.13206023388657567
        },
        "Alpha": {
            "Frontal": 0.08677717088511948,
            "Central": 0.09505479670161598,
            "Parietal": 0.10672929986742036,
            "Temporal": 0.1015847920893627,
            "Occipital": 0.1190082968149
        },
        "Beta": {
            "Frontal": 0.24231353757489763,
            "Central": 0.23754368269165962,
            "Parietal": 0.23970111346560496,
            "Temporal": 0.18684162813239652,
            "Occipital": 0.2102012238196207
        },
        "Gamma": {
            "Frontal": 0.015883926961926288,
            "Central": 0.013847240642278451,
            "Parietal": 0.011497315649844138,
            "Temporal": 0.01153601105483374,
            "Occipital": 0.011620157285618512
        }
    },
    "Counting task 2": {
        "Delta": {
            "Frontal": 0.35508111808296994,
            "Central": 0.40750335651110847,
            "Parietal": 0.39538144516393425,
            "Temporal": 0.4562525903630415,
            "Occipital": 0.46877171437359566
        },
        "Theta": {
            "Frontal": 0.17684822860050076,
            "Central": 0.1813498498660795,
            "Parietal": 0.17747789623338656,
            "Temporal": 0.15564830905539387,
            "Occipital": 0.15914541015737094
        },
        "Alpha": {
            "Frontal": 0.14720229069763757,
            "Central": 0.14270267843454976,
            "Parietal": 0.14445477222870234,
            "Temporal": 0.13721511579181644,
            "Occipital": 0.1380568417918483
        },
        "Beta": {
            "Frontal": 0.3048557703814189,
            "Central": 0.25718507871097834,
            "Parietal": 0.27284111962078494,
            "Temporal": 0.23913768177619588,
            "Occipital": 0.22413705402682388
        },
        "Gamma": {
            "Frontal": 0.016012592237472808,
            "Central": 0.01125903647728402,
            "Parietal": 0.009844766753191968,
            "Temporal": 0.011746303013552431,
            "Occipital": 0.009888979650361139
        }
    },
    "Imaginary defecation task": {
        "Delta": {
            "Frontal": 0.2966749175253368,
            "Central": 0.3959077069046832,
            "Parietal": 0.38160738829667334,
            "Temporal": 0.38182189357412183,
            "Occipital": 0.44626205083503495
        },
        "Theta": {
            "Frontal": 0.1987934363509982,
            "Central": 0.18776800460896154,
            "Parietal": 0.16714219571968492,
            "Temporal": 0.1670221201266443,
            "Occipital": 0.1437075253375307
        },
        "Alpha": {
            "Frontal": 0.10616075128685201,
            "Central": 0.11427529993955629,
            "Parietal": 0.15669191913672934,
            "Temporal": 0.1345786796729225,
            "Occipital": 0.16503273533709112
        },
        "Beta": {
            "Frontal": 0.3804347917478053,
            "Central": 0.2875706266006227,
            "Parietal": 0.2817730157980758,
            "Temporal": 0.2995771142931279,
            "Occipital": 0.23331186776249896
        },
        "Gamma": {
            "Frontal": 0.017936103089007772,
            "Central": 0.014478361946176287,
            "Parietal": 0.012785481048836568,
            "Temporal": 0.017000192333183596,
            "Occipital": 0.011685820727844147
        }
    },
    "Simulated defecation task": {
        "Delta": {
            "Frontal": 0.2775911729934463,
            "Central": 0.31239087218620754,
            "Parietal": 0.3199803081853583,
            "Temporal": 0.3981095310445822,
            "Occipital": 0.4042207323382163
        },
        "Theta": {
            "Frontal": 0.168569005405313,
            "Central": 0.1691998915982587,
            "Parietal": 0.1551212585248104,
            "Temporal": 0.14501419878792285,
            "Occipital": 0.14079173096644998
        },
        "Alpha": {
            "Frontal": 0.17861188631090044,
            "Central": 0.19611893068047676,
            "Parietal": 0.21048307733525115,
            "Temporal": 0.16876928875925445,
            "Occipital": 0.18195098948255195
        },
        "Beta": {
            "Frontal": 0.35341167880662394,
            "Central": 0.3059692927950891,
            "Parietal": 0.3008675703500762,
            "Temporal": 0.2703527083180533,
            "Occipital": 0.25503180810660214
        },
        "Gamma": {
            "Frontal": 0.021816256483716295,
            "Central": 0.01632101273996791,
            "Parietal": 0.013547785604504013,
            "Temporal": 0.01775427309018716,
            "Occipital": 0.018004739106179685
        }
    },