{
    "Resting task": {
        "Delta": {
            "Frontal": 0.6575837085582019,
            "Central": 0.6382506880645282,
            "Parietal": 0.6469487584146819,
            "Temporal": 0.6565851008509578,
            "Occipital": 0.6278989310228034
        },
        "Theta": {
            "Frontal": 0.18641000427999832,
            "Central": 0.1950752908431202,
            "Parietal": 0.1970036760928191,
            "Temporal": 0.19327764661131017,
            "Occipital": 0.21811098880522084
        },
        "Alpha": {
            "Frontal": 0.08034740703240134,
            "Central": 0.08242707197749279,
            "Parietal": 0.07734162164063854,
            "Temporal": 0.07980025584415874,
            "Occipital": 0.0856772477184054
        },
        "Beta": {
            "Frontal": 0.06524184291606372,
            "Central": 0.07277958380936536,
            "Parietal": 0.06822720617816505,
            "Temporal": 0.05959989883742709,
            "Occipital": 0.057959560559857126
        },
        "Gamma": {
            "Frontal": 0.010417037213334644,
            "Central": 0.011467365305493459,
            "Parietal": 0.010478737673695275,
            "Temporal": 0.010737097856146197,
            "Occipital": 0.010353271893713087
        }
    },
    "Counting task 1": {
        "Delta": {
            "Frontal": 0.7379713962147761,
            "Central": 0.7240407154767791,
            "Parietal": 0.7381334172845939,
            "Temporal": 0.764394526810063,
            "Occipital": 0.7464960561828924
        },
        "Theta": {
            "Frontal": 0.19002805408752152,
            "Central": 0.20274481349635937,
            "Parietal": 0.19141606127201388,
            "Temporal": 0.16896829897340332,
            "Occipital": 0.18457605105898003
        },
        "Alpha": {
            "Frontal": 0.046659669448130124,
            "Central": 0.04634178124464421,
            "Parietal": 0.0444179237233666,
            "Temporal": 0.04060404435997657,
            "Occipital": 0.04285793437311986
        },
        "Beta": {
            "Frontal": 0.02193531977653598,
            "Central": 0.023218014806446547,
            "Parietal": 0.022547244367057802,
            "Temporal": 0.021728483446343327,
            "Occipital": 0.022254984355413624
        },
        "Gamma": {
            "Frontal": 0.0034055604730362137,
            "Central": 0.003654674975770806,
            "Parietal": 0.003485353352967756,
            "Temporal": 0.004304646410213731,
            "Occipital": 0.0038149740295940543
        }
    },
    "Word formation task": {
        "Delta": {
            "Frontal": 0.7250154601400175,
            "Central": 0.7008072244831378,
            "Parietal": 0.7135677812812053,
            "Temporal": 0.7485602507694639,
            "Occipital": 0.7178618764149971
        },
        "Theta": {
            "Frontal": 0.18788420379508067,
            "Central": 0.2090243273998599,
            "Parietal": 0.19404407424928344,
            "Temporal": 0.1715834605161231,
            "Occipital": 0.1931929174996927
        },
        "Alpha": {
            "Frontal": 0.055585907031403314,
            "Central": 0.05668544988890233,
            "Parietal": 0.058442162200370615,
            "Temporal": 0.050742270001906044,
            "Occipital": 0.05762886652956693
        },
        "Beta": {
            "Frontal": 0.026905156181337864,
            "Central": 0.028498053591662444,
            "Parietal": 0.02959861452787431,
            "Temporal": 0.024488470393818955,
            "Occipital": 0.02679367072898759
        },
        "Gamma": {
            "Frontal": 0.004609272852160746,
            "Central": 0.004984944636437619,
            "Parietal": 0.004347367741266353,
            "Temporal": 0.004625548318688076,
            "Occipital": 0.0045226688267556575
        }
    },
    "Counting task 2": {
        "Delta": {
            "Frontal": 0.8675163004983513,
            "Central": 0.83592005012126,
            "Parietal": 0.8495342552467835,
            "Temporal": 0.8699237361446146,
            "Occipital": 0.839566859256287
        },
        "Theta": {
            "Frontal": 0.09321035512797449,
            "Central": 0.11785471922817357,
            "Parietal": 0.10461668096431731,
            "Temporal": 0.09316427593303776,
            "Occipital": 0.11570731692293995
        },
        "Alpha": {
            "Frontal": 0.02274457699738191,
            "Central": 0.02524602448451494,
            "Parietal": 0.02477117967332041,
            "Temporal": 0.02046234905813236,
            "Occipital": 0.02595013630592739
        },
        "Beta": {
            "Frontal": 0.014511234790335581,
            "Central": 0.018485928760360038,
            "Parietal": 0.018954835216356523,
            "Temporal": 0.014192503500065934,
            "Occipital": 0.016821780701383005
        },
        "Gamma": {
            "Frontal": 0.0020175325859569603,
            "Central": 0.0024932774056915332,
            "Parietal": 0.0021230488992220703,
            "Temporal": 0.0022571353641492762,
            "Occipital": 0.001953906813462665
        }
    },
    "Imaginary defecation task": {
        "Delta": {
            "Frontal": 0.6585832703011257,
            "Central": 0.6084883801966231,
            "Parietal": 0.648102802362683,
            "Temporal": 0.738520241862753,
            "Occipital": 0.7004235301678041
        },
        "Theta": {
            "Frontal": 0.1543211940281445,
            "Central": 0.18192345797511195,
            "Parietal": 0.15629311997110876,
            "Temporal": 0.13403128766695357,
            "Occipital": 0.1511259085658718
        },
        "Alpha": {
            "Frontal": 0.07785274531004345,
            "Central": 0.08695122504708311,
            "Parietal": 0.06652627087939345,
            "Temporal": 0.04916169338350025,
            "Occipital": 0.053314144973995364
        },
        "Beta": {
            "Frontal": 0.09501876489828227,
            "Central": 0.10581262762226709,
            "Parietal": 0.11323586125373088,
            "Temporal": 0.0675988770349646,
            "Occipital": 0.08574121865011544
        },
        "Gamma": {
            "Frontal": 0.014224025462404043,
            "Central": 0.01682430915891467,
            "Parietal": 0.01584194553308398,
            "Temporal": 0.01068790005182857,
            "Occipital": 0.009395197642213329
        }
    },
    "Simulated defecation task": {
        "Delta": {
            "Frontal": 0.7031684009743837,
            "Central": 0.6745426235476177,
            "Parietal": 0.7399595624839358,
            "Temporal": 0.7477809002038677,
            "Occipital": 0.756593318286584
        },
        "Theta": {
            "Frontal": 0.1652050054143131,
            "Central": 0.18711763515854093,
            "Parietal": 0.1512013852085831,
            "Temporal": 0.144455238467771,
            "Occipital": 0.14815671050710855
        },
        "Alpha": {
            "Frontal": 0.05001890226164061,
            "Central": 0.061420581836080235,
            "Parietal": 0.047921393561135894,
            "Temporal": 0.041204171664529325,
            "Occipital": 0.044676006770631445
        },
        "Beta": {
            "Frontal": 0.0662780587535009,
            "Central": 0.06408761065989989,
            "Parietal": 0.051244659718158926,
            "Temporal": 0.0571853403650127,
            "Occipital": 0.04410557618058748
        },
        "Gamma": {
            "Frontal": 0.01532963259616153,
            "Central": 0.012831548797861279,
            "Parietal": 0.009672999028186345,
            "Temporal": 0.009374349298819267,