{
    "Resting task": {
        "Delta": {
            "Frontal": 0.5976338110659382,
            "Central": 0.5891020352341731,
            "Parietal": 0.5773246857460683,
            "Temporal": 0.627845066330437,
            "Occipital": 0.6509190431975413
        },
        "Theta": {
            "Frontal": 0.17765387492081844,
            "Central": 0.16649165983954234,
            "Parietal": 0.183678367968573,
            "Temporal": 0.15806175179986004,
            "Occipital": 0.15462340927433393
        },
        "Alpha": {
            "Frontal": 0.10084767598515866,
            "Central": 0.11304276795149207,
            "Parietal": 0.11258397967013946,
            "Temporal": 0.09253548669607675,
            "Occipital": 0.09133686799428223
        },
        "Beta": {
            "Frontal": 0.10444510331695778,
            "Central": 0.11226293984918616,
            "Parietal": 0.10616623527318096,
            "Temporal": 0.10149975646500053,
            "Occipital": 0.08207711520104655
        },
        "Gamma": {
            "Frontal": 0.01941953471112688,
            "Central": 0.019100597125606283,
            "Parietal": 0.020246731342038207,
            "Temporal": 0.020057938708625763,
            "Occipital": 0.021043564332795955
        }
    },
    "Counting task 1": {
        "Delta": {
            "Frontal": 0.8576188852126166,
            "Central": 0.840725052282498,
            "Parietal": 0.8243467919283614,
            "Temporal": 0.8493815687545083,
            "Occipital": 0.8293402822970382
        },
        "Theta": {
            "Frontal": 0.07823140272138211,
            "Central": 0.08168657498600121,
            "Parietal": 0.09039550748431649,
            "Temporal": 0.07355273337539721,
            "Occipital": 0.09350604863363457
        },
        "Alpha": {
            "Frontal": 0.025444296261269598,
            "Central": 0.026832351057540883,
            "Parietal": 0.03099377801391002,
            "Temporal": 0.02625000464970976,
            "Occipital": 0.03444398719656743
        },
        "Beta": {
            "Frontal": 0.033116207724929174,
            "Central": 0.043850838452205464,
            "Parietal": 0.04536665636195926,
            "Temporal": 0.043428750564113786,
            "Occipital": 0.03510044980741362
        },
        "Gamma": {
            "Frontal": 0.005589208079802233,
            "Central": 0.0069051832217545085,
            "Parietal": 0.008897266211452953,
            "Temporal": 0.007386942656270955,
            "Occipital": 0.007609232065346202
        }
    },
    "Word formation task": {
        "Delta": {
            "Frontal": 0.9010867581535587,
            "Central": 0.8678277793178706,
            "Parietal": 0.8558465603857691,
            "Temporal": 0.8832325986736675,
            "Occipital": 0.8933649046798108
        },
        "Theta": {
            "Frontal": 0.04681442461316286,
            "Central": 0.06698322852288152,
            "Parietal": 0.06771926799264699,
            "Temporal": 0.055123657559898634,
            "Occipital": 0.057870525737027216
        },
        "Alpha": {
            "Frontal": 0.02300079606342183,
            "Central": 0.031779604329635995,
            "Parietal": 0.03763584723367054,
            "Temporal": 0.023331191414846228,
            "Occipital": 0.022714465161386997
        },
        "Beta": {
            "Frontal": 0.02435741716898403,
            "Central": 0.02739992995523873,
            "Parietal": 0.03262820344469419,
            "Temporal": 0.031064843503479277,
            "Occipital": 0.02139176531479589
        },
        "Gamma": {
            "Frontal": 0.004740604000872471,
            "Central": 0.00600945787437323,
            "Parietal": 0.006170120943219187,
            "Temporal": 0.007247708848108499,
            "Occipital": 0.004658339106979187
        }
    },
    "Counting task 2": {
        "Delta": {
            "Frontal": 0.8696447895830753,
            "Central": 0.8138117047585306,
            "Parietal": 0.7883635852911325,
            "Temporal": 0.8474551250831655,
            "Occipital": 0.8478147206367919
        },
        "Theta": {
            "Frontal": 0.06412721407559077,
            "Central": 0.08639694808915964,
            "Parietal": 0.0909517026834537,
            "Temporal": 0.055372038279542554,
            "Occipital": 0.07477858570975289
        },
        "Alpha": {
            "Frontal": 0.029553281221837237,
            "Central": 0.04466417986264065,
            "Parietal": 0.05349078787126014,
            "Temporal": 0.03276399803425771,
            "Occipital": 0.03505497272662726
        },
        "Beta": {
            "Frontal": 0.030064730566217168,
            "Central": 0.045309516645355416,
            "Parietal": 0.055355707372934944,
            "Temporal": 0.0508369674474957,
            "Occipital": 0.033956154200807706
        },
        "Gamma": {
            "Frontal": 0.006609984553279558,
            "Central": 0.00981765064431367,
            "Parietal": 0.011838216781218654,
            "Temporal": 0.013571871155538559,
            "Occipital": 0.00839556672602026
        }
    },
    "Imaginary defecation task": {
        "Delta": {
            "Frontal": 0.9399983703805482,
            "Central": 0.9111075221483256,
            "Parietal": 0.9046616031378475,
            "Temporal": 0.8885848826968425,
            "Occipital": 0.926580623398845
        },
        "Theta": {
            "Frontal": 0.029523152622316085,
            "Central": 0.051320980250696514,
            "Parietal": 0.041157308826505,
            "Temporal": 0.037197765841453026,
            "Occipital": 0.041426892759462125
        },
        "Alpha": {
            "Frontal": 0.014003029235355563,
            "Central": 0.02012904354163813,
            "Parietal": 0.028843455360900147,
            "Temporal": 0.022114538772300744,
            "Occipital": 0.016467930896699255
        },
        "Beta": {
            "Frontal": 0.014034336831469206,
            "Central": 0.01487487105557267,
            "Parietal": 0.02089497603655873,
            "Temporal": 0.04255809495828562,
            "Occipital": 0.012916546383640433
        },
        "Gamma": {
            "Frontal": 0.002441110930310834,
            "Central": 0.0025675830037672097,
            "Parietal": 0.004442656638188708,
            "Temporal": 0.009544717731117973,
            "Occipital": 0.0026080065613531224
        }
    },
    "Simulated defecation task": {
        "Delta": {
            "Frontal": 0.8177766642924911,
            "Central": 0.7796509040196937,
            "Parietal": 0.7596509028199747,
            "Temporal": 0.7903177499528378,
            "Occipital": 0.8185658098770379
        },
        "Theta": {
            "Frontal": 0.08062184293051748,
            "Central": 0.10100547201408681,
            "Parietal": 0.09865879811693251,
            "Temporal": 0.0904160026577889,
            "Occipital": 0.08810436626146445
        },
        "Alpha": {
            "Frontal": 0.0420573166220858,
            "Central": 0.048991036367344885,
            "Parietal": 0.062214088688171534,
            "Temporal": 0.047123625245080555,
            "Occipital": 0.04022891151835824
        },
        "Beta": {
            "Frontal": 0.049559230700004654,
            "Central": 0.06035942303163505,
            "Parietal": 0.06502601612992412,
            "Temporal": 0.05860740901877713,
            "Occipital": 0.04294035866655668
        },
        "Gamma": {
            "Frontal": 0.009984945454901018,
            "Central": 0.009993164567239615,
            "Parietal": 0.014450194244997078,
            "Temporal": 0.013535213125515536,