{
  "Resting task": {
    "Delta": {
      "Global Efficiency": 0.44787533068782254,
      "Local Efficiency": 0.04133035892287537,
      "Average Clustering Coefficient": 0.03219932571083886
    },
    "Theta": {
      "Global Efficiency": 0.5171544312169257,
      "Local Efficiency": 0.10149392290982184,
      "Average Clustering Coefficient": 0.08725912005894124
    },
    "Alpha": {
      "Global Efficiency": 0.44622189153438413,
      "Local Efficiency": 0.047004169327426834,
      "Average Clustering Coefficient": 0.035692383731960826
    },
    "Beta": {
      "Global Efficiency": 0.5067377645502618,
      "Local Efficiency": 0.27515415611672284,
      "Average Clustering Coefficient": 0.20037707450260683
    },
    "Gamma": {
      "Global Efficiency": 0.48912863756613156,
      "Local Efficiency": 0.3799314185586114,
      "Average Clustering Coefficient": 0.26389429449339297
    }
  },
  "Counting task 1": {
    "Delta": {
      "Global Efficiency": 0.5243882275132237,
      "Local Efficiency": 0.3611715680269657,
      "Average Clustering Coefficient": 0.2738608079498905
    },
    "Theta": {
      "Global Efficiency": 0.527033730158729,
      "Local Efficiency": 0.4683984662832735,
      "Average Clustering Coefficient": 0.37786839514109877
    },
    "Alpha": {
      "Global Efficiency": 0.5451388888888892,
      "Local Efficiency": 0.48991076153828134,
      "Average Clustering Coefficient": 0.32705954845149043
    },
    "Beta": {
      "Global Efficiency": 0.49590773809523253,
      "Local Efficiency": 0.5426170482462688,
      "Average Clustering Coefficient": 0.44222747079265495
    },
    "Gamma": {
      "Global Efficiency": 0.5112847222222195,
      "Local Efficiency": 0.4935374225717324,
      "Average Clustering Coefficient": 0.3649656261710153
    }
  },
  "Word formation task": {
    "Delta": {
      "Global Efficiency": 0.4613095238095175,
      "Local Efficiency": 0.21424777281797197,
      "Average Clustering Coefficient": 0.1562621624714859
    },
    "Theta": {
      "Global Efficiency": 0.48024140211639454,
      "Local Efficiency": 0.14928040257126698,
      "Average Clustering Coefficient": 0.12672148368379985
    },
    "Alpha": {
      "Global Efficiency": 0.4561011904761827,
      "Local Efficiency": 0.26744338275541957,
      "Average Clustering Coefficient": 0.19514927367640544
    },
    "Beta": {
      "Global Efficiency": 0.4991732804232728,
      "Local Efficiency": 0.25354735637881315,
      "Average Clustering Coefficient": 0.18329611054794875
    },
    "Gamma": {
      "Global Efficiency": 0.4978505291005235,
      "Local Efficiency": 0.29022167573289537,
      "Average Clustering Coefficient": 0.24890504918157688
    }
  },
  "Counting task 2": {
    "Delta": {
      "Global Efficiency": 0.508597883597882,
      "Local Efficiency": 0.6635864238343719,
      "Average Clustering Coefficient": 0.5640589475104647
    },
    "Theta": {
      "Global Efficiency": 0.4534970238095217,
      "Local Efficiency": 0.41752219389640094,
      "Average Clustering Coefficient": 0.26517098611719353
    },
    "Alpha": {
      "Global Efficiency": 0.5118220899470859,
      "Local Efficiency": 0.3252805041495585,
      "Average Clustering Coefficient": 0.22479967926611025
    },
    "Beta": {
      "Global Efficiency": 0.5306712962962932,
      "Local Efficiency": 0.5246719959189322,
      "Average Clustering Coefficient": 0.40237605925492914
    },
    "Gamma": {
      "Global Efficiency": 0.5059523809523776,
      "Local Efficiency": 0.6767899588985113,
      "Average Clustering Coefficient": 0.5647007565339575
    }
  },
  "Imaginary defecation task": {
    "Delta": {
      "Global Efficiency": 0.40828373015872393,
      "Local Efficiency": 0.040526859504945806,
      "Average Clustering Coefficient": 0.03098253800508057
    },
    "Theta": {
      "Global Efficiency": 0.44303902116401284,
      "Local Efficiency": 0.16330071271477525,
      "Average Clustering Coefficient": 0.12646504677754675
    },
    "Alpha": {
      "Global Efficiency": 0.4846643518518454,
      "Local Efficiency": 0.22865083081345244,
      "Average Clustering Coefficient": 0.17903902102262192
    },
    "Beta": {
      "Global Efficiency": 0.45399305555555114,
      "Local Efficiency": 0.21496024953940723,
      "Average Clustering Coefficient": 0.13643899078702476
    },
    "Gamma": {
      "Global Efficiency": 0.5195932539682523,
      "Local Efficiency": 0.37121878332489333,
      "Average Clustering Coefficient": 0.2519662757742295
    }
  },
  "Simulated defecation task": {
    "Delta": {
      "Global Efficiency": 0.48958167989417334,
      "Local Efficiency": 0.25453877303103456,
      "Average Clustering Coefficient": 0.19239825747507724
    },
    "Theta": {
      "Global Efficiency": 0.49515542328041995,
      "Local Efficiency": 0.39519340038963446,
      "Average Clustering Coefficient": 0.30570069263129745
    },
    "Alpha": {
      "Global Efficiency": 0.5124156746031716,
      "Local Efficiency": 0.3130443818744629,
      "Average Clustering Coefficient": 0.2247727138437062
    },
    "Beta": {
      "Global Efficiency": 0.4935548941798892,
      "Local Efficiency": 0.33792059610694636,
      "Average Clustering Coefficient": 0.26467534528393905
    },
    "Gamma": {
      "Global Efficiency": 0.5180671296296263,
      "Local Efficiency": 0.475622440158651,
      "Average Clustering Coefficient": 0.38107074710807753
    }
  },
  "Imaginary anal contraction task": {
    "Delta": {
      "Global Efficiency": 0.4651124338624261,
      "Local Efficiency": 0.05091603011639776,
      "Average Clustering Coefficient": 0.03659043927885839
    },
    "Theta": {
      "Global Efficiency": 0.50405092592592,
      "Local Efficiency": 0.20732107741322717,
      "Average Clustering Coefficient": 0.14261646798823874
    },
    "Alpha": {
      "Global Efficiency": 0.5085978835978798,
      "Local Efficiency": 0.4068188358098939,
      "Average Clustering Coefficient": 0.32385024997237766
    },
    "Beta": {
      "Global Efficiency": 0.5459656084656086,
      "Local Efficiency": 0.5134795832996735,
      "Average Clustering Coefficient": 0.3609450799648675
    },
    "Gamma": {
      "Global Efficiency": 0.5458002645502642,
      "Local Efficiency": 0.5454997865252214,
      "Average Clustering Coefficient": 0.4062233072334243
    }
  },
  "Simulated anal contraction task": {
    "Delta": {
      "Global Efficiency": 0.4943783068783011,
      "Local Efficiency": 0.3418903724541059,
      "Average Clustering Coefficient": 0.2652587236151508
    },
    "Theta": {
      "Global Efficiency": 0.5119957010581956,
      "Local Efficiency": 0.3592137842231961,
      "Average Clustering Coefficient": 0.2688417138693949
    },
    "Alpha": {
      "Global Efficiency": 0.4969576719576666,
      "Local Efficiency": 0.3133000641077988,
      "Average Clustering Coefficient": 0.24337628193382366
    },
    "Beta": {
      "Global Efficiency": 0.5312251984126956,
      "Local Efficiency": 0.5252331493331674,
      "Average Clustering Coefficient": 0.41485342234553463
    },
    "Gamma": {
      "Global Efficiency": 0.5010466269841242,
      "Local Efficiency": 0.46231980245470866,
      "Average Clustering Coefficient": 0.3461673992665444
    }
  }
}