{
  "Resting task": {
    "Delta": {
      "Global Efficiency": 0.648809523809524,
      "Local Efficiency": 0.5782089576494691,
      "Average Clustering Coefficient": 0.2883551967829612
    },
    "Theta": {
      "Global Efficiency": 0.6497189153439155,
      "Local Efficiency": 0.6340562120796291,
      "Average Clustering Coefficient": 0.30665651249364556
    },
    "Alpha": {
      "Global Efficiency": 0.6475694444444449,
      "Local Efficiency": 0.52750703113432,
      "Average Clustering Coefficient": 0.2609944966478052
    },
    "Beta": {
      "Global Efficiency": 0.6477347883597883,
      "Local Efficiency": 0.5790839164422988,
      "Average Clustering Coefficient": 0.28955651834987484
    },
    "Gamma": {
      "Global Efficiency": 0.6471560846560845,
      "Local Efficiency": 0.6495639484404792,
      "Average Clustering Coefficient": 0.38211384197992704
    }
  },
  "Counting task 1": {
    "Delta": {
      "Global Efficiency": 0.6477347883597885,
      "Local Efficiency": 0.5834680785235227,
      "Average Clustering Coefficient": 0.28556001071744325
    },
    "Theta": {
      "Global Efficiency": 0.6474041005291002,
      "Local Efficiency": 0.5406563006008057,
      "Average Clustering Coefficient": 0.23729309602036813
    },
    "Alpha": {
      "Global Efficiency": 0.6500496031746031,
      "Local Efficiency": 0.6679102170074499,
      "Average Clustering Coefficient": 0.3702291145069342
    },
    "Beta": {
      "Global Efficiency": 0.6492228835978839,
      "Local Efficiency": 0.6381796543036874,
      "Average Clustering Coefficient": 0.3391914272359094
    },
    "Gamma": {
      "Global Efficiency": 0.6482308201058203,
      "Local Efficiency": 0.6366852125482216,
      "Average Clustering Coefficient": 0.3564462528646653
    }
  },
  "Word formation task": {
    "Delta": {
      "Global Efficiency": 0.6496362433862435,
      "Local Efficiency": 0.6582758388341566,
      "Average Clustering Coefficient": 0.3659841141638756
    },
    "Theta": {
      "Global Efficiency": 0.6487268518518517,
      "Local Efficiency": 0.5383607280305629,
      "Average Clustering Coefficient": 0.25073695712877797
    },
    "Alpha": {
      "Global Efficiency": 0.6493882275132278,
      "Local Efficiency": 0.5879784935965259,
      "Average Clustering Coefficient": 0.2802788424120496
    },
    "Beta": {
      "Global Efficiency": 0.6494708994708998,
      "Local Efficiency": 0.7083733125083094,
      "Average Clustering Coefficient": 0.4410973789228672
    },
    "Gamma": {
      "Global Efficiency": 0.6496362433862434,
      "Local Efficiency": 0.6188265286511266,
      "Average Clustering Coefficient": 0.30386865507690075
    }
  },
  "Counting task 2": {
    "Delta": {
      "Global Efficiency": 0.6499669312169312,
      "Local Efficiency": 0.5840185671646836,
      "Average Clustering Coefficient": 0.26042479521282674
    },
    "Theta": {
      "Global Efficiency": 0.6488095238095237,
      "Local Efficiency": 0.6258163928917979,
      "Average Clustering Coefficient": 0.3060667499219064
    },
    "Alpha": {
      "Global Efficiency": 0.6488921957671957,
      "Local Efficiency": 0.620712406227582,
      "Average Clustering Coefficient": 0.3110050331903288
    },
    "Beta": {
      "Global Efficiency": 0.6472387566137565,
      "Local Efficiency": 0.6628267338498532,
      "Average Clustering Coefficient": 0.37698307224556066
    },
    "Gamma": {
      "Global Efficiency": 0.6497189153439156,
      "Local Efficiency": 0.6910225069741344,
      "Average Clustering Coefficient": 0.4063618964048709
    }
  },
  "Imaginary defecation task": {
    "Delta": {
      "Global Efficiency": 0.6455853174603179,
      "Local Efficiency": 0.5579664290289907,
      "Average Clustering Coefficient": 0.2674506502409782
    },
    "Theta": {
      "Global Efficiency": 0.6451719576719575,
      "Local Efficiency": 0.5378423347850528,
      "Average Clustering Coefficient": 0.2615424930913767
    },
    "Alpha": {
      "Global Efficiency": 0.6459160052910055,
      "Local Efficiency": 0.4604464947625409,
      "Average Clustering Coefficient": 0.19545665584630906
    },
    "Beta": {
      "Global Efficiency": 0.6457506613756617,
      "Local Efficiency": 0.6210214254095122,
      "Average Clustering Coefficient": 0.33669030452438165
    },
    "Gamma": {
      "Global Efficiency": 0.6453373015873021,
      "Local Efficiency": 0.6598543862238423,
      "Average Clustering Coefficient": 0.3884419734126011
    }
  },
  "Simulated defecation task": {
    "Delta": {
      "Global Efficiency": 0.6469907407407408,
      "Local Efficiency": 0.5803790269016108,
      "Average Clustering Coefficient": 0.30468493626703286
    },
    "Theta": {
      "Global Efficiency": 0.6440972222222223,
      "Local Efficiency": 0.593717018057637,
      "Average Clustering Coefficient": 0.3120424034400029
    },
    "Alpha": {
      "Global Efficiency": 0.6314484126984123,
      "Local Efficiency": 0.5492323256282434,
      "Average Clustering Coefficient": 0.2758631696767343
    },
    "Beta": {
      "Global Efficiency": 0.6483961640211641,
      "Local Efficiency": 0.6753938075262338,
      "Average Clustering Coefficient": 0.40856757365244156
    },
    "Gamma": {
      "Global Efficiency": 0.648726851851852,
      "Local Efficiency": 0.5939169423658326,
      "Average Clustering Coefficient": 0.29614955041314384
    }
  },
  "Imaginary anal contraction task": {
    "Delta": {
      "Global Efficiency": 0.6488921957671958,
      "Local Efficiency": 0.6367042264733492,
      "Average Clustering Coefficient": 0.3306814053706862
    },
    "Theta": {
      "Global Efficiency": 0.6491402116402117,
      "Local Efficiency": 0.6938003088425851,
      "Average Clustering Coefficient": 0.4181332081846798
    },
    "Alpha": {
      "Global Efficiency": 0.6498015873015874,
      "Local Efficiency": 0.719408941077509,
      "Average Clustering Coefficient": 0.44803830722760807
    },
    "Beta": {
      "Global Efficiency": 0.6498015873015872,
      "Local Efficiency": 0.7249199398120946,
      "Average Clustering Coefficient": 0.4541245568331146
    },
    "Gamma": {
      "Global Efficiency": 0.6500496031746031,
      "Local Efficiency": 0.773229880007203,
      "Average Clustering Coefficient": 0.5481703646385293
    }
  },
  "Simulated anal contraction task": {
    "Delta": {
      "Global Efficiency": 0.6498842592592592,
      "Local Efficiency": 0.6599475929097264,
      "Average Clustering Coefficient": 0.3723513990679564
    },
    "Theta": {
      "Global Efficiency": 0.6499669312169312,
      "Local Efficiency": 0.7278283545055826,
      "Average Clustering Coefficient": 0.4650302240824743
    },
    "Alpha": {
      "Global Efficiency": 0.6453373015873012,
      "Local Efficiency": 0.5373188913033241,
      "Average Clustering Coefficient": 0.27013245645903433
    },
    "Beta": {
      "Global Efficiency": 0.6499669312169312,
      "Local Efficiency": 0.7000707139613265,
      "Average Clustering Coefficient": 0.41004663152599935
    },
    "Gamma": {
      "Global Efficiency": 0.6500496031746031,
      "Local Efficiency": 0.7411502230314726,
      "Average Clustering Coefficient": 0.48405235365903243
    }
  }
}