{
    "Resting task": {
        "Delta": {
            "Frontal": 0.5474989462221848,
            "Central": 0.5584782739566819,
            "Parietal": 0.5602816195680496,
            "Temporal": 0.540830492452462,
            "Occipital": 0.6053406402739832
        },
        "Theta": {
            "Frontal": 0.12946174777315833,
            "Central": 0.13572410684397937,
            "Parietal": 0.1325035257902482,
            "Temporal": 0.08525069212613155,
            "Occipital": 0.11186867499777803
        },
        "Alpha": {
            "Frontal": 0.1271529925137914,
            "Central": 0.13175667522988607,
            "Parietal": 0.13514654229950548,
            "Temporal": 0.111602270382537,
            "Occipital": 0.12636966319479523
        },
        "Beta": {
            "Frontal": 0.16897707714289786,
            "Central": 0.15057949597651632,
            "Parietal": 0.14933545642387522,
            "Temporal": 0.218047267389603,
            "Occipital": 0.13602552539165846
        },
        "Gamma": {
            "Frontal": 0.026909236347967727,
            "Central": 0.02346144799293631,
            "Parietal": 0.022732855918321603,
            "Temporal": 0.044269277649266456,
            "Occipital": 0.02039549614178498
        }
    },
    "Counting task 1": {
        "Delta": {
            "Frontal": 0.6967289456934465,
            "Central": 0.6840010572946209,
            "Parietal": 0.6596052302620363,
            "Temporal": 0.7261729420669162,
            "Occipital": 0.639992057297417
        },
        "Theta": {
            "Frontal": 0.10117898736715594,
            "Central": 0.11205700604212868,
            "Parietal": 0.1072839989674377,
            "Temporal": 0.07206992559228882,
            "Occipital": 0.09665374862576606
        },
        "Alpha": {
            "Frontal": 0.0690045118672193,
            "Central": 0.08316296003107881,
            "Parietal": 0.0964519540108041,
            "Temporal": 0.05613031225897898,
            "Occipital": 0.10740091977610657
        },
        "Beta": {
            "Frontal": 0.10895626911309331,
            "Central": 0.10252544072969194,
            "Parietal": 0.11510614224793088,
            "Temporal": 0.11831524453271788,
            "Occipital": 0.13109354592807196
        },
        "Gamma": {
            "Frontal": 0.024131285959085154,
            "Central": 0.018253535902479863,
            "Parietal": 0.02155267451179107,
            "Temporal": 0.027311575549098133,
            "Occipital": 0.024859728372638293
        }
    },
    "Word formation task": {
        "Delta": {
            "Frontal": 0.6783212898790502,
            "Central": 0.6628140628331398,
            "Parietal": 0.6257269020497471,
            "Temporal": 0.7004423044532361,
            "Occipital": 0.5941934134911546
        },
        "Theta": {
            "Frontal": 0.09124917054518757,
            "Central": 0.09671466025807926,
            "Parietal": 0.10311534269215088,
            "Temporal": 0.05815902711125496,
            "Occipital": 0.10017742732791642
        },
        "Alpha": {
            "Frontal": 0.08685434884624628,
            "Central": 0.10313996969716573,
            "Parietal": 0.11890060138365918,
            "Temporal": 0.09083289459679152,
            "Occipital": 0.13520325402159472
        },
        "Beta": {
            "Frontal": 0.11640518956763676,
            "Central": 0.1158003145636249,
            "Parietal": 0.1280690571864499,
            "Temporal": 0.12273796153454306,
            "Occipital": 0.14329897441858364
        },
        "Gamma": {
            "Frontal": 0.02717000116187925,
            "Central": 0.021530992647990188,
            "Parietal": 0.02418809668799297,
            "Temporal": 0.027827812304174398,
            "Occipital": 0.027126930740750576
        }
    },
    "Counting task 2": {
        "Delta": {
            "Frontal": 0.7386703859699534,
            "Central": 0.7597697711934662,
            "Parietal": 0.7636755238055457,
            "Temporal": 0.7546533967808122,
            "Occipital": 0.7748586098201755
        },
        "Theta": {
            "Frontal": 0.06686374161475026,
            "Central": 0.07846533281466685,
            "Parietal": 0.08039747130481437,
            "Temporal": 0.050740148610617306,
            "Occipital": 0.0699630459033353
        },
        "Alpha": {
            "Frontal": 0.0586224510270506,
            "Central": 0.06291320557948467,
            "Parietal": 0.061672038672461404,
            "Temporal": 0.053771126766633426,
            "Occipital": 0.06111748576484964
        },
        "Beta": {
            "Frontal": 0.1114590886114877,
            "Central": 0.08431582383317794,
            "Parietal": 0.08067088256294669,
            "Temporal": 0.11596551334855439,
            "Occipital": 0.08000580506144236
        },
        "Gamma": {
            "Frontal": 0.02438433277675814,
            "Central": 0.014535866579204299,
            "Parietal": 0.013584083654231808,
            "Temporal": 0.024869814493382623,
            "Occipital": 0.014055053450197277
        }
    },
    "Imaginary defecation task": {
        "Delta": {
            "Frontal": 0.6498306743978718,
            "Central": 0.6624128012282331,
            "Parietal": 0.6215739244739632,
            "Temporal": 0.6447663458987448,
            "Occipital": 0.5845612863083125
        },
        "Theta": {
            "Frontal": 0.09345352633820984,
            "Central": 0.11050539027530788,
            "Parietal": 0.1289337537687902,
            "Temporal": 0.07738150716899059,
            "Occipital": 0.14593903234892952
        },
        "Alpha": {
            "Frontal": 0.06841152529957392,
            "Central": 0.0775901778218668,
            "Parietal": 0.08974210157463233,
            "Temporal": 0.07980271385693831,
            "Occipital": 0.09843039807440286
        },
        "Beta": {
            "Frontal": 0.15406139208334332,
            "Central": 0.1242902956698347,
            "Parietal": 0.13364433612226062,
            "Temporal": 0.15970243985389743,
            "Occipital": 0.1444910324122925
        },
        "Gamma": {
            "Frontal": 0.034242881881001004,
            "Central": 0.025201335004757686,
            "Parietal": 0.026105884060353652,
            "Temporal": 0.03834699322142889,
            "Occipital": 0.026578250856062552
        }
    },
    "Simulated defecation task": {
        "Delta": {
            "Frontal": 0.369678114161253,
            "Central": 0.44740806654702875,
            "Parietal": 0.4792090033363534,
            "Temporal": 0.4310241375731289,
            "Occipital": 0.5622062205825317
        },
        "Theta": {
            "Frontal": 0.130047587406246,
            "Central": 0.14875442074338746,
            "Parietal": 0.15366082638698092,
            "Temporal": 0.1021190474248739,
            "Occipital": 0.13800350587980098
        },
        "Alpha": {
            "Frontal": 0.17060120531580378,
            "Central": 0.15987332398513324,
            "Parietal": 0.15949159708760977,
            "Temporal": 0.15620900622757672,
            "Occipital": 0.12710736037136688
        },
        "Beta": {
            "Frontal": 0.2742918695145947,
            "Central": 0.20674309490053763,
            "Parietal": 0.18529585810076915,
            "Temporal": 0.2612718674867306,
            "Occipital": 0.15530310879998827
        },
        "Gamma": {
            "Frontal": 0.061039428859649345,
            "Central": 0.04559074115364097,
            "Parietal": 0.032306479161663314,
            "Temporal": 0.054401067369690706,
            "Occipital": 0.026114095451221186
        }
    },