{
    "Resting task": {
        "Delta": {
            "Frontal": 0.2523472839275788,
            "Central": 0.20464167408731046,
            "Parietal": 0.20620372885142868,
            "Temporal": 0.25624138026053245,
            "Occipital": 0.2636737693954065
        },
        "Theta": {
            "Frontal": 0.18014070617853206,
            "Central": 0.19744491168837744,
            "Parietal": 0.15861944555625682,
            "Temporal": 0.16171795161059413,
            "Occipital": 0.16058204755381464
        },
        "Alpha": {
            "Frontal": 0.26920647490664434,
            "Central": 0.26137362467711023,
            "Parietal": 0.29629675018932394,
            "Temporal": 0.24542702661630084,
            "Occipital": 0.25266669195701735
        },
        "Beta": {
            "Frontal": 0.26378210392661017,
            "Central": 0.3016114648918183,
            "Parietal": 0.27667844120220064,
            "Temporal": 0.2857340079993536,
            "Occipital": 0.2270223014990494
        },
        "Gamma": {
            "Frontal": 0.034523431060634595,
            "Central": 0.034928324655383536,
            "Parietal": 0.062201634200789946,
            "Temporal": 0.05087963351321897,
            "Occipital": 0.09605518959471214
        }
    },
    "Counting task 1": {
        "Delta": {
            "Frontal": 0.529511898578991,
            "Central": 0.4442888772231948,
            "Parietal": 0.3927082399570969,
            "Temporal": 0.570049141137252,
            "Occipital": 0.6526821392194306
        },
        "Theta": {
            "Frontal": 0.12254230342686503,
            "Central": 0.12394899254032199,
            "Parietal": 0.12202235713919743,
            "Temporal": 0.13338562287074815,
            "Occipital": 0.08177280300584978
        },
        "Alpha": {
            "Frontal": 0.12483655789142065,
            "Central": 0.14469782247218332,
            "Parietal": 0.12482260984018391,
            "Temporal": 0.10547340485271613,
            "Occipital": 0.04681467167797086
        },
        "Beta": {
            "Frontal": 0.18889263783851196,
            "Central": 0.25409445772724043,
            "Parietal": 0.25851549106101823,
            "Temporal": 0.15787117077017174,
            "Occipital": 0.11567989705331422
        },
        "Gamma": {
            "Frontal": 0.034216602264211346,
            "Central": 0.03296985003705928,
            "Parietal": 0.10193130200250351,
            "Temporal": 0.03322066036911202,
            "Occipital": 0.10305048904343447
        }
    },
    "Word formation task": {
        "Delta": {
            "Frontal": 0.5258658624398824,
            "Central": 0.42406751549651023,
            "Parietal": 0.48575303167609446,
            "Temporal": 0.5609469562228679,
            "Occipital": 0.5484750681542776
        },
        "Theta": {
            "Frontal": 0.1520195272521953,
            "Central": 0.14216271053903173,
            "Parietal": 0.11621054769699618,
            "Temporal": 0.13573596451258374,
            "Occipital": 0.10983249246578478
        },
        "Alpha": {
            "Frontal": 0.10014519421886833,
            "Central": 0.15492644907337452,
            "Parietal": 0.12255485242920831,
            "Temporal": 0.10053597891126861,
            "Occipital": 0.06659180645378415
        },
        "Beta": {
            "Frontal": 0.19224640762081022,
            "Central": 0.25532542671528297,
            "Parietal": 0.2058095539696823,
            "Temporal": 0.17017081312306498,
            "Occipital": 0.1681157996206712
        },
        "Gamma": {
            "Frontal": 0.029723008468243755,
            "Central": 0.02351789817580053,
            "Parietal": 0.06967201422801872,
            "Temporal": 0.03261028723021467,
            "Occipital": 0.10698483330548234
        }
    },
    "Counting task 2": {
        "Delta": {
            "Frontal": 0.470200249894119,
            "Central": 0.38268309492931124,
            "Parietal": 0.41089834518467794,
            "Temporal": 0.49915630418661394,
            "Occipital": 0.43038694021442236
        },
        "Theta": {
            "Frontal": 0.14239897733561777,
            "Central": 0.14392706917040238,
            "Parietal": 0.11286698085474914,
            "Temporal": 0.11479078997520271,
            "Occipital": 0.10278494320183772
        },
        "Alpha": {
            "Frontal": 0.10278526662974381,
            "Central": 0.14373400251578256,
            "Parietal": 0.13552447649184973,
            "Temporal": 0.10100970896482113,
            "Occipital": 0.09276863875188504
        },
        "Beta": {
            "Frontal": 0.2529710715681682,
            "Central": 0.3040273209567879,
            "Parietal": 0.25520528362273565,
            "Temporal": 0.23648150175420363,
            "Occipital": 0.24485985155242956
        },
        "Gamma": {
            "Frontal": 0.0316444345723512,
            "Central": 0.025628512427715987,
            "Parietal": 0.08550491384598767,
            "Temporal": 0.048561695119158685,
            "Occipital": 0.12919962627942527
        }
    },
    "Imaginary defecation task": {
        "Delta": {
            "Frontal": 0.3919027630162407,
            "Central": 0.3356559424428039,
            "Parietal": 0.33222896139080704,
            "Temporal": 0.4304137707130587,
            "Occipital": 0.3911766685455028
        },
        "Theta": {
            "Frontal": 0.12776797080597788,
            "Central": 0.13976750468604093,
            "Parietal": 0.12171713132019178,
            "Temporal": 0.11768499468823401,
            "Occipital": 0.08992565461471635
        },
        "Alpha": {
            "Frontal": 0.1568633788655201,
            "Central": 0.19745345871894399,
            "Parietal": 0.19829046631682357,
            "Temporal": 0.146908134150456,
            "Occipital": 0.1734118253909333
        },
        "Beta": {
            "Frontal": 0.29859592604864627,
            "Central": 0.31148721816648006,
            "Parietal": 0.2562819854368912,
            "Temporal": 0.26270932061595426,
            "Occipital": 0.2173171700117783
        },
        "Gamma": {
            "Frontal": 0.024869961263615133,
            "Central": 0.01563587598573114,
            "Parietal": 0.09148145553528648,
            "Temporal": 0.042283779832297,
            "Occipital": 0.12816868143706908
        }
    },
    "Simulated defecation task": {
        "Delta": {
            "Frontal": 0.38054414154749794,
            "Central": 0.33312389117604146,
            "Parietal": 0.3349055919191185,
            "Temporal": 0.3799476537606311,
            "Occipital": 0.5730384634949407
        },
        "Theta": {
            "Frontal": 0.18256825220089584,
            "Central": 0.19924723268216607,
            "Parietal": 0.16456151493223153,
            "Temporal": 0.1522402774092797,
            "Occipital": 0.08735988173234199
        },
        "Alpha": {
            "Frontal": 0.11720952885504088,
            "Central": 0.1584156018228599,
            "Parietal": 0.15220314420897418,
            "Temporal": 0.12432395580607132,
            "Occipital": 0.07817680943709579
        },
        "Beta": {
            "Frontal": 0.2877505754009008,
            "Central": 0.28935716797790334,
            "Parietal": 0.2675189776649128,
            "Temporal": 0.29164467777678266,
            "Occipital": 0.1607443792875174
        },
        "Gamma": {
            "Frontal": 0.03192750199566451,
            "Central": 0.019856106341029283,
            "Parietal": 0.08081077127476291,
            "Temporal": 0.051843435247235295,
            "Occipital": 0.10068046604810421
        }
    },