{
    "Resting task": {
        "Delta": {
            "Frontal": 0.5049993663781255,
            "Central": 0.5396129829916536,
            "Parietal": 0.44421429747669405,
            "Temporal": 0.5842072528205405,
            "Occipital": 0.506700871054462
        },
        "Theta": {
            "Frontal": 0.18512485749191487,
            "Central": 0.1702322027603599,
            "Parietal": 0.20547917042892086,
            "Temporal": 0.15649129218174523,
            "Occipital": 0.18839571217575313
        },
        "Alpha": {
            "Frontal": 0.14269653009632077,
            "Central": 0.13667530160507765,
            "Parietal": 0.18248959530892364,
            "Temporal": 0.09453829841460118,
            "Occipital": 0.15879744423396977
        },
        "Beta": {
            "Frontal": 0.13878785090082585,
            "Central": 0.13174814976345886,
            "Parietal": 0.145849358125535,
            "Temporal": 0.12809459299365877,
            "Occipital": 0.12674372009714951
        },
        "Gamma": {
            "Frontal": 0.028391395132813083,
            "Central": 0.021731362879450048,
            "Parietal": 0.02196757865992648,
            "Temporal": 0.036668563589454264,
            "Occipital": 0.019362252438665628
        }
    },
    "Counting task 1": {
        "Delta": {
            "Frontal": 0.6441182442970247,
            "Central": 0.638498624171987,
            "Parietal": 0.5857844161795619,
            "Temporal": 0.6659171968840775,
            "Occipital": 0.6022790443696131
        },
        "Theta": {
            "Frontal": 0.1624014912047184,
            "Central": 0.17426699214524746,
            "Parietal": 0.21079978708344638,
            "Temporal": 0.15640415327687207,
            "Occipital": 0.19834773444676293
        },
        "Alpha": {
            "Frontal": 0.06666526039922084,
            "Central": 0.08137101579551029,
            "Parietal": 0.10109350862388289,
            "Temporal": 0.05818775321658583,
            "Occipital": 0.10561562404078276
        },
        "Beta": {
            "Frontal": 0.1061809327423382,
            "Central": 0.0905819427936596,
            "Parietal": 0.0897909003427299,
            "Temporal": 0.0966554471885812,
            "Occipital": 0.08355913107391896
        },
        "Gamma": {
            "Frontal": 0.020634071356697977,
            "Central": 0.015281425093595657,
            "Parietal": 0.012531387770378849,
            "Temporal": 0.02283544943388343,
            "Occipital": 0.010198466068922132
        }
    },
    "Word formation task": {
        "Delta": {
            "Frontal": 0.7553027502405207,
            "Central": 0.606662738882558,
            "Parietal": 0.5908814878832206,
            "Temporal": 0.8597840669005452,
            "Occipital": 0.7235534379724409
        },
        "Theta": {
            "Frontal": 0.09341237387414013,
            "Central": 0.14311467134123315,
            "Parietal": 0.14984477426192386,
            "Temporal": 0.06385526874105402,
            "Occipital": 0.11608255724713293
        },
        "Alpha": {
            "Frontal": 0.054710980269023345,
            "Central": 0.08398199818593219,
            "Parietal": 0.08762266535097363,
            "Temporal": 0.025646986544311922,
            "Occipital": 0.0596193579856391
        },
        "Beta": {
            "Frontal": 0.07406240764435953,
            "Central": 0.12573879597851653,
            "Parietal": 0.13327804109641125,
            "Temporal": 0.03875616639031139,
            "Occipital": 0.08037964591695457
        },
        "Gamma": {
            "Frontal": 0.02251148797195612,
            "Central": 0.04050179561176027,
            "Parietal": 0.03837303140747067,
            "Temporal": 0.011957511423777552,
            "Occipital": 0.020365000877832495
        }
    },
    "Counting task 2": {
        "Delta": {
            "Frontal": 0.8939390080363405,
            "Central": 0.7634418318565706,
            "Parietal": 0.756888195814264,
            "Temporal": 0.913938897576641,
            "Occipital": 0.7913427038225578
        },
        "Theta": {
            "Frontal": 0.044619374115168094,
            "Central": 0.10291165374670692,
            "Parietal": 0.10459357036802248,
            "Temporal": 0.03148247060512771,
            "Occipital": 0.08979101636561033
        },
        "Alpha": {
            "Frontal": 0.02476804853639927,
            "Central": 0.052514457611475794,
            "Parietal": 0.05664552456326288,
            "Temporal": 0.017281198705079395,
            "Occipital": 0.05240503999799766
        },
        "Beta": {
            "Frontal": 0.031215121046172835,
            "Central": 0.06918406001430458,
            "Parietal": 0.07046577032427523,
            "Temporal": 0.030421214250438568,
            "Occipital": 0.05750072924372576
        },
        "Gamma": {
            "Frontal": 0.005458448265919168,
            "Central": 0.011947996770941997,
            "Parietal": 0.011406938930175295,
            "Temporal": 0.006876218862713201,
            "Occipital": 0.008960510570108327
        }
    },
    "Imaginary defecation task": {
        "Delta": {
            "Frontal": 0.8562468301094451,
            "Central": 0.7010796818080438,
            "Parietal": 0.7057385409473067,
            "Temporal": 0.8613570135289276,
            "Occipital": 0.7706632221985359
        },
        "Theta": {
            "Frontal": 0.045909930306170105,
            "Central": 0.0863754218264765,
            "Parietal": 0.08277692971780756,
            "Temporal": 0.028016874052578144,
            "Occipital": 0.06789308082177323
        },
        "Alpha": {
            "Frontal": 0.0345863199356399,
            "Central": 0.06437089254518029,
            "Parietal": 0.07183778239343114,
            "Temporal": 0.021365820009846274,
            "Occipital": 0.06159431547643003
        },
        "Beta": {
            "Frontal": 0.053836171451694365,
            "Central": 0.12698442907424437,
            "Parietal": 0.12229959897166075,
            "Temporal": 0.07130195884477322,
            "Occipital": 0.0861768820732825
        },
        "Gamma": {
            "Frontal": 0.009420748197050606,
            "Central": 0.02118957474605499,
            "Parietal": 0.01734714796979391,
            "Temporal": 0.017958333563874856,
            "Occipital": 0.013672499429978406
        }
    },
    "Simulated defecation task": {
        "Delta": {
            "Frontal": 0.6330469006866946,
            "Central": 0.634690865918651,
            "Parietal": 0.618254434995097,
            "Temporal": 0.5972888633248956,
            "Occipital": 0.6184036148996376
        },
        "Theta": {
            "Frontal": 0.13093327324312187,
            "Central": 0.14235098430993431,
            "Parietal": 0.1486749051043604,
            "Temporal": 0.0990242359514,
            "Occipital": 0.13474300673934453
        },
        "Alpha": {
            "Frontal": 0.07003967295852978,
            "Central": 0.08076525100189137,
            "Parietal": 0.08839854648825896,
            "Temporal": 0.04890268179489461,
            "Occipital": 0.09393426168947414
        },
        "Beta": {
            "Frontal": 0.14133251200469402,
            "Central": 0.12370020099489101,
            "Parietal": 0.12716456335839382,
            "Temporal": 0.20615895598110043,
            "Occipital": 0.13319785569083167
        },
        "Gamma": {
            "Frontal": 0.024647641106959738,
            "Central": 0.01849269777463227,
            "Parietal": 0.017507550053889785,
            "Temporal": 0.04862526294770918,
            "Occipital": 0.019721260980712065
        }
    },