{
    "Resting task": {
        "Delta": {
            "Frontal": 0.26681928335909505,
            "Central": 0.2729912241270541,
            "Parietal": 0.2944766216939351,
            "Temporal": 0.29219937462312856,
            "Occipital": 0.3845755265388344
        },
        "Theta": {
            "Frontal": 0.2558138262814028,
            "Central": 0.3363077958725564,
            "Parietal": 0.26371715381768523,
            "Temporal": 0.15166324897355024,
            "Occipital": 0.20876999370492422
        },
        "Alpha": {
            "Frontal": 0.13844392103471978,
            "Central": 0.09349595482695898,
            "Parietal": 0.14983561045422297,
            "Temporal": 0.1710472822273273,
            "Occipital": 0.14930405422117088
        },
        "Beta": {
            "Frontal": 0.23204526992044047,
            "Central": 0.19345461810934597,
            "Parietal": 0.19722509178280617,
            "Temporal": 0.2805661252252857,
            "Occipital": 0.17851352528638204
        },
        "Gamma": {
            "Frontal": 0.10687769940434194,
            "Central": 0.10375040706408457,
            "Parietal": 0.0947455222513505,
            "Temporal": 0.10452396895070812,
            "Occipital": 0.07883690024868847
        }
    },
    "Counting task 1": {
        "Delta": {
            "Frontal": 0.5569372582983076,
            "Central": 0.7492543419275309,
            "Parietal": 0.5670482193790327,
            "Temporal": 0.46309314924133965,
            "Occipital": 0.6065138622070798
        },
        "Theta": {
            "Frontal": 0.14236021325607381,
            "Central": 0.0892448569650323,
            "Parietal": 0.15422776265885726,
            "Temporal": 0.12992313005095188,
            "Occipital": 0.1382211898055996
        },
        "Alpha": {
            "Frontal": 0.09642077419648896,
            "Central": 0.0647917894357835,
            "Parietal": 0.08300088829802618,
            "Temporal": 0.1555972433874554,
            "Occipital": 0.08261680473429435
        },
        "Beta": {
            "Frontal": 0.16362980540093702,
            "Central": 0.0660472966539507,
            "Parietal": 0.14629655032534605,
            "Temporal": 0.2046108714915031,
            "Occipital": 0.13169621753976168
        },
        "Gamma": {
            "Frontal": 0.0406519488481926,
            "Central": 0.030661715017702602,
            "Parietal": 0.04942657933873783,
            "Temporal": 0.04677560582874997,
            "Occipital": 0.040951925713264704
        }
    },
    "Word formation task": {
        "Delta": {
            "Frontal": 0.27160130615041966,
            "Central": 0.370942817284218,
            "Parietal": 0.43263449994175507,
            "Temporal": 0.24024263617655778,
            "Occipital": 0.4374956593527618
        },
        "Theta": {
            "Frontal": 0.2813957980363668,
            "Central": 0.41651474162081403,
            "Parietal": 0.2776551355908682,
            "Temporal": 0.24635920767323868,
            "Occipital": 0.2700148817359054
        },
        "Alpha": {
            "Frontal": 0.07985223537076414,
            "Central": 0.0553070825775155,
            "Parietal": 0.08499708616973092,
            "Temporal": 0.09113679055377037,
            "Occipital": 0.0882340937509618
        },
        "Beta": {
            "Frontal": 0.28636789969488785,
            "Central": 0.12706856360635693,
            "Parietal": 0.15910696443313382,
            "Temporal": 0.3286399744648084,
            "Occipital": 0.17856847016125194
        },
        "Gamma": {
            "Frontal": 0.08078276074756154,
            "Central": 0.03016679491109553,
            "Parietal": 0.04560631386451203,
            "Temporal": 0.09362139113162465,
            "Occipital": 0.025686894999119116
        }
    },
    "Counting task 2": {
        "Delta": {
            "Frontal": 0.3367294473720651,
            "Central": 0.4182483876595649,
            "Parietal": 0.4678148514445057,
            "Temporal": 0.36824197393564073,
            "Occipital": 0.4766523950390529
        },
        "Theta": {
            "Frontal": 0.3699730652765252,
            "Central": 0.4464231116932216,
            "Parietal": 0.3201738487443605,
            "Temporal": 0.2515024832336973,
            "Occipital": 0.29651051638997583
        },
        "Alpha": {
            "Frontal": 0.13540441803176426,
            "Central": 0.06624333318069794,
            "Parietal": 0.08510390328476891,
            "Temporal": 0.12998511167590943,
            "Occipital": 0.08063650108032985
        },
        "Beta": {
            "Frontal": 0.11183978633717843,
            "Central": 0.04996478867370746,
            "Parietal": 0.08991904198389085,
            "Temporal": 0.1668430732392693,
            "Occipital": 0.11222884536873909
        },
        "Gamma": {
            "Frontal": 0.046053282982467116,
            "Central": 0.019120378792808368,
            "Parietal": 0.0369883545424741,
            "Temporal": 0.08342735791548321,
            "Occipital": 0.033971742121902355
        }
    },
    "Imaginary defecation task": {
        "Delta": {
            "Frontal": 0.13637953810097048,
            "Central": 0.15559397622818,
            "Parietal": 0.19727255933985854,
            "Temporal": 0.1607993942981303,
            "Occipital": 0.27466415982672715
        },
        "Theta": {
            "Frontal": 0.16658542113385993,
            "Central": 0.17033025984976852,
            "Parietal": 0.1623147680546468,
            "Temporal": 0.18487496493372418,
            "Occipital": 0.1355440328136533
        },
        "Alpha": {
            "Frontal": 0.2394827635408209,
            "Central": 0.20438390277066262,
            "Parietal": 0.16693225396784556,
            "Temporal": 0.22209563995698653,
            "Occipital": 0.12043799017929953
        },
        "Beta": {
            "Frontal": 0.39792778727087663,
            "Central": 0.3958131255860705,
            "Parietal": 0.393587482836697,
            "Temporal": 0.32609821485782464,
            "Occipital": 0.4133464035308453
        },
        "Gamma": {
            "Frontal": 0.05962448995347202,
            "Central": 0.07387873556531821,
            "Parietal": 0.07989293580095203,
            "Temporal": 0.1061317859533343,
            "Occipital": 0.056007413649474695
        }
    },
    "Simulated defecation task": {
        "Delta": {
            "Frontal": 0.0,
            "Central": 0.0,
            "Parietal": 0.0,
            "Temporal": 0.0,
            "Occipital": 0.0
        },
        "Theta": {
            "Frontal": 0.0,
            "Central": 0.0,
            "Parietal": 0.0,
            "Temporal": 0.0,
            "Occipital": 0.0
        },
        "Alpha": {
            "Frontal": 0.0,
            "Central": 0.0,
            "Parietal": 0.0,
            "Temporal": 0.0,
            "Occipital": 0.0
        },
        "Beta": {
            "Frontal": 1.0,
            "Central": 1.0,
            "Parietal": 1.0,
            "Temporal": 1.0,
            "Occipital": 1.0
        },
        "Gamma": {
            "Frontal": 0.0,
            "Central": 0.0,
            "Parietal": 0.0,
            "Temporal": 0.0,
            "Occipital": 0.0
        }
    },
    "Imaginary anal contraction task": {
        "Delta": {
            "Frontal": 0.22731819576068207,
            "Central": 0.09295326626741499,
            "Parietal": 0.17336402164830056,
            "Temporal": 0.1385007815367771,
            "Occipital": 0.20561950839254375
        },
        "Theta": {
            "Frontal": 0.3161306651762429,
            "Central": 0.5068946910842319,