{
    "Resting task": {
        "Delta": {
            "Frontal": 0.5789094405999452,
            "Central": 0.5711374594851387,
            "Parietal": 0.5752658260780805,
            "Temporal": 0.6397215240435298,
            "Occipital": 0.6090349600484684
        },
        "Theta": {
            "Frontal": 0.15189588656593656,
            "Central": 0.17128188386041523,
            "Parietal": 0.1526246545320537,
            "Temporal": 0.1262293212047004,
            "Occipital": 0.14812337549083943
        },
        "Alpha": {
            "Frontal": 0.0941292881223743,
            "Central": 0.10722408767836002,
            "Parietal": 0.10532585887096343,
            "Temporal": 0.0701294933770952,
            "Occipital": 0.10681330757876147
        },
        "Beta": {
            "Frontal": 0.14739610429885797,
            "Central": 0.12862040977072284,
            "Parietal": 0.144101813361746,
            "Temporal": 0.13161590935118514,
            "Occipital": 0.11952704781056334
        },
        "Gamma": {
            "Frontal": 0.02766928041288601,
            "Central": 0.021736159205363176,
            "Parietal": 0.022681847157156224,
            "Temporal": 0.03230375202348949,
            "Occipital": 0.01650130907136748
        }
    },
    "Counting task 1": {
        "Delta": {
            "Frontal": 0.857720392928995,
            "Central": 0.8348679514356582,
            "Parietal": 0.8277682665373849,
            "Temporal": 0.8948660497928053,
            "Occipital": 0.9183215779217403
        },
        "Theta": {
            "Frontal": 0.062242078908186504,
            "Central": 0.07964046322934216,
            "Parietal": 0.06661300813450763,
            "Temporal": 0.032204086866451376,
            "Occipital": 0.033600808091332646
        },
        "Alpha": {
            "Frontal": 0.03357232126009757,
            "Central": 0.03840750852065342,
            "Parietal": 0.046132956309524575,
            "Temporal": 0.024863579088403844,
            "Occipital": 0.022075491133696144
        },
        "Beta": {
            "Frontal": 0.03851883055812215,
            "Central": 0.04112081020814483,
            "Parietal": 0.05184567344063578,
            "Temporal": 0.03892844952347564,
            "Occipital": 0.02381032878702371
        },
        "Gamma": {
            "Frontal": 0.007946376344598643,
            "Central": 0.005963266606201295,
            "Parietal": 0.007640095577947138,
            "Temporal": 0.009137834728863897,
            "Occipital": 0.002191794066207122
        }
    },
    "Word formation task": {
        "Delta": {
            "Frontal": 0.8231031420569583,
            "Central": 0.7194345421091669,
            "Parietal": 0.7933583152272661,
            "Temporal": 0.8851781181775762,
            "Occipital": 0.9072383770179326
        },
        "Theta": {
            "Frontal": 0.07071840909135349,
            "Central": 0.10993790530191219,
            "Parietal": 0.0701069336810695,
            "Temporal": 0.027946713659252866,
            "Occipital": 0.03452324166734906
        },
        "Alpha": {
            "Frontal": 0.04860557725852348,
            "Central": 0.08737378998443439,
            "Parietal": 0.0705308003307385,
            "Temporal": 0.03146904684525977,
            "Occipital": 0.03205987608867516
        },
        "Beta": {
            "Frontal": 0.051401252705509756,
            "Central": 0.07505819768008878,
            "Parietal": 0.060654746215318446,
            "Temporal": 0.04541816231810519,
            "Occipital": 0.023773341581241232
        },
        "Gamma": {
            "Frontal": 0.00617161888765493,
            "Central": 0.008195564924397837,
            "Parietal": 0.005349204545607535,
            "Temporal": 0.009987958999806012,
            "Occipital": 0.0024051636448021198
        }
    },
    "Counting task 2": {
        "Delta": {
            "Frontal": 0.8217605916871458,
            "Central": 0.7639675991619617,
            "Parietal": 0.7458845746260159,
            "Temporal": 0.8936375937398917,
            "Occipital": 0.8809458092792807
        },
        "Theta": {
            "Frontal": 0.06130402675539543,
            "Central": 0.08013431357285779,
            "Parietal": 0.07215480309770665,
            "Temporal": 0.02612057796679602,
            "Occipital": 0.031354402230810985
        },
        "Alpha": {
            "Frontal": 0.05087355557645257,
            "Central": 0.08126298383815385,
            "Parietal": 0.0968955765488415,
            "Temporal": 0.028306503626607055,
            "Occipital": 0.04696131587079386
        },
        "Beta": {
            "Frontal": 0.06012952849525893,
            "Central": 0.07018785153210384,
            "Parietal": 0.0802987705261944,
            "Temporal": 0.04291608102561832,
            "Occipital": 0.037803326974300375
        },
        "Gamma": {
            "Frontal": 0.005932297485747205,
            "Central": 0.004447251894922988,
            "Parietal": 0.004766275201241521,
            "Temporal": 0.009019243641086732,
            "Occipital": 0.0029351456448141675
        }
    },
    "Imaginary defecation task": {
        "Delta": {
            "Frontal": 0.629732595045528,
            "Central": 0.5772712579241154,
            "Parietal": 0.5581908894113977,
            "Temporal": 0.6974778162937885,
            "Occipital": 0.64253385434407
        },
        "Theta": {
            "Frontal": 0.14319588613978884,
            "Central": 0.16779243393070378,
            "Parietal": 0.13976804947307797,
            "Temporal": 0.08536741108610331,
            "Occipital": 0.10218699130845812
        },
        "Alpha": {
            "Frontal": 0.08638734912485044,
            "Central": 0.11393330063111441,
            "Parietal": 0.1451122971979124,
            "Temporal": 0.07859322777237131,
            "Occipital": 0.13337802773344054
        },
        "Beta": {
            "Frontal": 0.1273031488593904,
            "Central": 0.1337666380685643,
            "Parietal": 0.14685773124400564,
            "Temporal": 0.11689792439967972,
            "Occipital": 0.11425005600069864
        },
        "Gamma": {
            "Frontal": 0.013381020830442285,
            "Central": 0.007236369445502269,
            "Parietal": 0.010071032673606168,
            "Temporal": 0.021663620448057187,
            "Occipital": 0.007651070613332633
        }
    },
    "Simulated defecation task": {
        "Delta": {
            "Frontal": 0.5908214029296192,
            "Central": 0.5269805468443346,
            "Parietal": 0.4687252385251225,
            "Temporal": 0.6102608988910992,
            "Occipital": 0.5185661657518048
        },
        "Theta": {
            "Frontal": 0.13703610529742866,
            "Central": 0.16947161450534506,
            "Parietal": 0.16657752380353422,
            "Temporal": 0.10052615222171087,
            "Occipital": 0.14429221989178312
        },
        "Alpha": {
            "Frontal": 0.10664251304040132,
            "Central": 0.14907912448089672,
            "Parietal": 0.17137048403600103,
            "Temporal": 0.0900159638244508,
            "Occipital": 0.1616333240265811
        },
        "Beta": {
            "Frontal": 0.14936619218804653,
            "Central": 0.14361969437098865,
            "Parietal": 0.17596825688329285,
            "Temporal": 0.16780517518625643,
            "Occipital": 0.1622669486269067
        },
        "Gamma": {
            "Frontal": 0.016133786544504307,
            "Central": 0.010849019798434934,
            "Parietal": 0.017358496752049413,
            "Temporal": 0.03139180987648266,