{
    "Resting task": {
        "Delta": {
            "Frontal": 0.48459005864976307,
            "Central": 0.4488320727883003,
            "Parietal": 0.46092956037825955,
            "Temporal": 0.5653565420845175,
            "Occipital": 0.47799412241504247
        },
        "Theta": {
            "Frontal": 0.17899860241215995,
            "Central": 0.16908724993355975,
            "Parietal": 0.17341015513997804,
            "Temporal": 0.15376973116726528,
            "Occipital": 0.16252885366390415
        },
        "Alpha": {
            "Frontal": 0.2007240552927918,
            "Central": 0.23790025821063918,
            "Parietal": 0.22416851897898749,
            "Temporal": 0.15097737823202398,
            "Occipital": 0.23351989469559983
        },
        "Beta": {
            "Frontal": 0.1197074466381531,
            "Central": 0.1287341740027227,
            "Parietal": 0.12770332075478327,
            "Temporal": 0.11404133192449495,
            "Occipital": 0.11342770586582947
        },
        "Gamma": {
            "Frontal": 0.01597983700713221,
            "Central": 0.015446245064778139,
            "Parietal": 0.013788444747991718,
            "Temporal": 0.01585501659169835,
            "Occipital": 0.012529423359624127
        }
    },
    "Counting task 1": {
        "Delta": {
            "Frontal": 0.10305965706622834,
            "Central": 0.08529744975660726,
            "Parietal": 0.12072175287566074,
            "Temporal": 0.21304541873356547,
            "Occipital": 0.12751416194540316
        },
        "Theta": {
            "Frontal": 0.33663480182724764,
            "Central": 0.34004659978515084,
            "Parietal": 0.44750358157040904,
            "Temporal": 0.32053493852489956,
            "Occipital": 0.4782144147213624
        },
        "Alpha": {
            "Frontal": 0.34494380932311314,
            "Central": 0.3862994808354539,
            "Parietal": 0.1783601310833361,
            "Temporal": 0.246203638644172,
            "Occipital": 0.15635621944884598
        },
        "Beta": {
            "Frontal": 0.1584421331961765,
            "Central": 0.1545219251973647,
            "Parietal": 0.2218284307991474,
            "Temporal": 0.17156184449407152,
            "Occipital": 0.20541459756804997
        },
        "Gamma": {
            "Frontal": 0.05691959858723441,
            "Central": 0.033834544425423184,
            "Parietal": 0.03158610367144671,
            "Temporal": 0.04865415960329143,
            "Occipital": 0.032500606316338485
        }
    },
    "Word formation task": {
        "Delta": {
            "Frontal": 0.3635387604190314,
            "Central": 0.46524220348152046,
            "Parietal": 0.361018492024508,
            "Temporal": 0.525815525126107,
            "Occipital": 0.3201275057512051
        },
        "Theta": {
            "Frontal": 0.2294322541179057,
            "Central": 0.20432186965581609,
            "Parietal": 0.20710159910066683,
            "Temporal": 0.14176153835550484,
            "Occipital": 0.21329728452154403
        },
        "Alpha": {
            "Frontal": 0.22022643523803737,
            "Central": 0.1674428727109228,
            "Parietal": 0.24692527152573163,
            "Temporal": 0.12515408634254427,
            "Occipital": 0.28425493719533174
        },
        "Beta": {
            "Frontal": 0.23253054533811132,
            "Central": 0.19051230557065638,
            "Parietal": 0.22356056408237157,
            "Temporal": 0.21087711129269762,
            "Occipital": 0.24494979208166273
        },
        "Gamma": {
            "Frontal": 0.03881925437332432,
            "Central": 0.03594826410626067,
            "Parietal": 0.04344238696090887,
            "Temporal": 0.052239421104587104,
            "Occipital": 0.04001335530035478
        }
    },
    "Counting task 2": {
        "Delta": {
            "Frontal": 0.5226499489120049,
            "Central": 0.5068814103215461,
            "Parietal": 0.5108219068706606,
            "Temporal": 0.5315056255550976,
            "Occipital": 0.4743819154851251
        },
        "Theta": {
            "Frontal": 0.17999453148919622,
            "Central": 0.2418456225659885,
            "Parietal": 0.22432469988279363,
            "Temporal": 0.18537971715312077,
            "Occipital": 0.23177555690185364
        },
        "Alpha": {
            "Frontal": 0.09482840843749166,
            "Central": 0.0945647204647039,
            "Parietal": 0.10743087160594353,
            "Temporal": 0.09723562001526431,
            "Occipital": 0.1298571169686759
        },
        "Beta": {
            "Frontal": 0.16732059272876504,
            "Central": 0.13429073967384222,
            "Parietal": 0.1334607060785794,
            "Temporal": 0.1544936085806782,
            "Occipital": 0.14017966621802513
        },
        "Gamma": {
            "Frontal": 0.03520651843254221,
            "Central": 0.02241750697391946,
            "Parietal": 0.0239618155620228,
            "Temporal": 0.031385428695839164,
            "Occipital": 0.023805744426320215
        }
    },
    "Imaginary defecation task": {
        "Delta": {
            "Frontal": 0.4484978908059338,
            "Central": 0.45229656143416824,
            "Parietal": 0.4627053538271987,
            "Temporal": 0.5087577165078604,
            "Occipital": 0.5361849590281557
        },
        "Theta": {
            "Frontal": 0.15517306749963627,
            "Central": 0.15598920162285243,
            "Parietal": 0.15289956921205172,
            "Temporal": 0.14528045618828622,
            "Occipital": 0.14879606596980233
        },
        "Alpha": {
            "Frontal": 0.12887860254285521,
            "Central": 0.17427865815743207,
            "Parietal": 0.15266967792674746,
            "Temporal": 0.11966953364008359,
            "Occipital": 0.12737022100749668
        },
        "Beta": {
            "Frontal": 0.20798159482318812,
            "Central": 0.18098593558996026,
            "Parietal": 0.19928276450187388,
            "Temporal": 0.18355173314054823,
            "Occipital": 0.16506329784978302
        },
        "Gamma": {
            "Frontal": 0.059468844328386665,
            "Central": 0.036449643195586856,
            "Parietal": 0.03244263453212823,
            "Temporal": 0.042740560523221734,
            "Occipital": 0.022585456144762275
        }
    },
    "Simulated defecation task": {
        "Delta": {
            "Frontal": 0.5224147943479978,
            "Central": 0.4867625099474687,
            "Parietal": 0.5133863964197583,
            "Temporal": 0.48832892771386743,
            "Occipital": 0.4598104206123366
        },
        "Theta": {
            "Frontal": 0.17356325453233337,
            "Central": 0.1794646183494681,
            "Parietal": 0.1589744955055186,
            "Temporal": 0.20122209309169578,
            "Occipital": 0.1567699755135306
        },
        "Alpha": {
            "Frontal": 0.09468823911320834,
            "Central": 0.1350067050117778,
            "Parietal": 0.13750609425717525,
            "Temporal": 0.11683854934047029,
            "Occipital": 0.190369159001897
        },
        "Beta": {
            "Frontal": 0.1733497111548052,
            "Central": 0.1698051703017034,
            "Parietal": 0.16519450162623073,
            "Temporal": 0.1672263406879964,
            "Occipital": 0.17094054826009392
        },
        "Gamma": {
            "Frontal": 0.0359840008516553,
            "Central": 0.028960996389581863,
            "Parietal": 0.02493851219131737,
            "Temporal": 0.02638408916597012,
            "Occipital": 0.02210989661214193
        }
    },