{
    "Resting task": {
        "Delta": {
            "Frontal": 0.6127823407358151,
            "Central": 0.6125154243943479,
            "Parietal": 0.5505829926448943,
            "Temporal": 0.626980411764153,
            "Occipital": 0.5017476097416902
        },
        "Theta": {
            "Frontal": 0.147417015409664,
            "Central": 0.15648264905241405,
            "Parietal": 0.16880055658577858,
            "Temporal": 0.15606431854533026,
            "Occipital": 0.18544185147962042
        },
        "Alpha": {
            "Frontal": 0.10639185129218223,
            "Central": 0.10842462644491158,
            "Parietal": 0.15008249897569664,
            "Temporal": 0.10847957717471472,
            "Occipital": 0.18204944009307344
        },
        "Beta": {
            "Frontal": 0.11750412540731921,
            "Central": 0.11066635356455799,
            "Parietal": 0.1174425367079545,
            "Temporal": 0.09472130959092825,
            "Occipital": 0.11859878172103906
        },
        "Gamma": {
            "Frontal": 0.015904667155019498,
            "Central": 0.011910946543768357,
            "Parietal": 0.013091415085676003,
            "Temporal": 0.013754382924873784,
            "Occipital": 0.012162316964576862
        }
    },
    "Counting task 1": {
        "Delta": {
            "Frontal": 0.6600893350798933,
            "Central": 0.5437529385098107,
            "Parietal": 0.5512515235516491,
            "Temporal": 0.6522758553770578,
            "Occipital": 0.5710438842605436
        },
        "Theta": {
            "Frontal": 0.20872703015001695,
            "Central": 0.25253117740727676,
            "Parietal": 0.26057321000398825,
            "Temporal": 0.1875928163581993,
            "Occipital": 0.23584241344752607
        },
        "Alpha": {
            "Frontal": 0.06368197371799675,
            "Central": 0.0894479929232354,
            "Parietal": 0.0851317986075036,
            "Temporal": 0.06863869863205115,
            "Occipital": 0.08278096945684618
        },
        "Beta": {
            "Frontal": 0.056882486071334545,
            "Central": 0.09633710314739853,
            "Parietal": 0.08132865856358058,
            "Temporal": 0.07080131478091913,
            "Occipital": 0.08833128848608424
        },
        "Gamma": {
            "Frontal": 0.010619174980758551,
            "Central": 0.01793078801227856,
            "Parietal": 0.021714809273278447,
            "Temporal": 0.020691314851772644,
            "Occipital": 0.022001444348999893
        }
    },
    "Word formation task": {
        "Delta": {
            "Frontal": 0.7949977775677496,
            "Central": 0.8123786905772307,
            "Parietal": 0.8192436391295101,
            "Temporal": 0.8230264574324103,
            "Occipital": 0.8315465531751585
        },
        "Theta": {
            "Frontal": 0.1447959068109385,
            "Central": 0.12701417562742007,
            "Parietal": 0.11478036244045714,
            "Temporal": 0.1065897423460737,
            "Occipital": 0.08987953769519583
        },
        "Alpha": {
            "Frontal": 0.03328408640434,
            "Central": 0.031663085276888644,
            "Parietal": 0.03275023433181481,
            "Temporal": 0.03469497014101516,
            "Occipital": 0.04183734044785713
        },
        "Beta": {
            "Frontal": 0.022807251395879073,
            "Central": 0.023023844639513697,
            "Parietal": 0.026346337686597103,
            "Temporal": 0.02922952442438151,
            "Occipital": 0.028993278042687323
        },
        "Gamma": {
            "Frontal": 0.004114977821092619,
            "Central": 0.005920203878947021,
            "Parietal": 0.006879426411620691,
            "Temporal": 0.006459305656119278,
            "Occipital": 0.00774329063910134
        }
    },
    "Counting task 2": {
        "Delta": {
            "Frontal": 0.7374205112464843,
            "Central": 0.6351623792453645,
            "Parietal": 0.6614709739291849,
            "Temporal": 0.6389039686741876,
            "Occipital": 0.5975378239935575
        },
        "Theta": {
            "Frontal": 0.15350904323427364,
            "Central": 0.1930261472563423,
            "Parietal": 0.17574765493838657,
            "Temporal": 0.16714661093931785,
            "Occipital": 0.18415373622215878
        },
        "Alpha": {
            "Frontal": 0.05161588177851469,
            "Central": 0.08167925560170584,
            "Parietal": 0.08346025446190103,
            "Temporal": 0.09064186435034749,
            "Occipital": 0.11953889207888213
        },
        "Beta": {
            "Frontal": 0.048106756417169765,
            "Central": 0.07582524886042633,
            "Parietal": 0.06757711437291107,
            "Temporal": 0.08525594598723818,
            "Occipital": 0.08509476604268093
        },
        "Gamma": {
            "Frontal": 0.009347807323557583,
            "Central": 0.014306969036161172,
            "Parietal": 0.011744002297616518,
            "Temporal": 0.01805161004890871,
            "Occipital": 0.0136747816627207
        }
    },
    "Imaginary defecation task": {
        "Delta": {
            "Frontal": 0.787409353433732,
            "Central": 0.6877131451095134,
            "Parietal": 0.7485371714149995,
            "Temporal": 0.6978916055342868,
            "Occipital": 0.7176283035100766
        },
        "Theta": {
            "Frontal": 0.10182039304853434,
            "Central": 0.12125539575348085,
            "Parietal": 0.10332620758969387,
            "Temporal": 0.07655155597124912,
            "Occipital": 0.09931591917983988
        },
        "Alpha": {
            "Frontal": 0.049033476110591986,
            "Central": 0.07150560931617364,
            "Parietal": 0.05828234015750647,
            "Temporal": 0.06716511605070072,
            "Occipital": 0.07395354939092616
        },
        "Beta": {
            "Frontal": 0.05666402754963063,
            "Central": 0.1102497460745792,
            "Parietal": 0.08240133071893425,
            "Temporal": 0.13151608828925904,
            "Occipital": 0.10024686374242331
        },
        "Gamma": {
            "Frontal": 0.005072749857511277,
            "Central": 0.009276103746252888,
            "Parietal": 0.007452950118865855,
            "Temporal": 0.026875634154504315,
            "Occipital": 0.008855364176734187
        }
    },
    "Simulated defecation task": {
        "Delta": {
            "Frontal": 0.6929606043019253,
            "Central": 0.6278684083147248,
            "Parietal": 0.6448218134506187,
            "Temporal": 0.6475278344485241,
            "Occipital": 0.5883593107357201
        },
        "Theta": {
            "Frontal": 0.1882808453451143,
            "Central": 0.17256949418224993,
            "Parietal": 0.14182047167447528,
            "Temporal": 0.12647365516274706,
            "Occipital": 0.1639978214582082
        },
        "Alpha": {
            "Frontal": 0.06153085499609531,
            "Central": 0.10284134484147654,
            "Parietal": 0.10897201247374055,
            "Temporal": 0.0709816847180629,
            "Occipital": 0.10389914242498922
        },
        "Beta": {
            "Frontal": 0.052833156384378285,
            "Central": 0.08950172306969141,
            "Parietal": 0.09680126753181291,
            "Temporal": 0.13479986673066352,
            "Occipital": 0.13298985641314506
        },
        "Gamma": {
            "Frontal": 0.004394538972486759,
            "Central": 0.007219029591857258,
            "Parietal": 0.007584434869352547,
            "Temporal": 0.020216958940002194,
            "Occipital": 0.010753868967937452
        }
    },