{
    "Resting task": {
        "Delta": {
            "Frontal": 0.5296139291547161,
            "Central": 0.538652000549681,
            "Parietal": 0.5741700515249262,
            "Temporal": 0.5584150878064709,
            "Occipital": 0.4865024129858704
        },
        "Theta": {
            "Frontal": 0.20095906087314788,
            "Central": 0.20449626696262943,
            "Parietal": 0.18601439406677528,
            "Temporal": 0.17096576637855776,
            "Occipital": 0.17779571337664463
        },
        "Alpha": {
            "Frontal": 0.14038291274933834,
            "Central": 0.12885732069925493,
            "Parietal": 0.12938226709376532,
            "Temporal": 0.12681195623673408,
            "Occipital": 0.2217675504177038
        },
        "Beta": {
            "Frontal": 0.11988862414530521,
            "Central": 0.11954235507121957,
            "Parietal": 0.10283455862676485,
            "Temporal": 0.12740203898548447,
            "Occipital": 0.1060535556676367
        },
        "Gamma": {
            "Frontal": 0.009155473077492478,
            "Central": 0.008452056717215136,
            "Parietal": 0.007598728687768419,
            "Temporal": 0.01640515059275304,
            "Occipital": 0.00788076755214448
        }
    },
    "Counting task 1": {
        "Delta": {
            "Frontal": 0.7021680698897228,
            "Central": 0.7002765435144507,
            "Parietal": 0.6378141689676632,
            "Temporal": 0.5360762299286657,
            "Occipital": 0.6018206938048068
        },
        "Theta": {
            "Frontal": 0.14096447056491587,
            "Central": 0.13783317047153762,
            "Parietal": 0.17142301085655687,
            "Temporal": 0.21234001854431087,
            "Occipital": 0.1959380770081715
        },
        "Alpha": {
            "Frontal": 0.06820049918926002,
            "Central": 0.0617458419154716,
            "Parietal": 0.07020670134207174,
            "Temporal": 0.08291914215001353,
            "Occipital": 0.0775516248356751
        },
        "Beta": {
            "Frontal": 0.07652974035989123,
            "Central": 0.08942200417080946,
            "Parietal": 0.10682311334706074,
            "Temporal": 0.1406627923111257,
            "Occipital": 0.10884160264405818
        },
        "Gamma": {
            "Frontal": 0.012137219996210145,
            "Central": 0.010722439927730806,
            "Parietal": 0.013733005486647448,
            "Temporal": 0.028001817065884248,
            "Occipital": 0.01584800170728834
        }
    },
    "Word formation task": {
        "Delta": {
            "Frontal": 0.6857119174378032,
            "Central": 0.5746341157511103,
            "Parietal": 0.5935732956085027,
            "Temporal": 0.6701887513246729,
            "Occipital": 0.6424621227459374
        },
        "Theta": {
            "Frontal": 0.1444851791403502,
            "Central": 0.18624958541851042,
            "Parietal": 0.1615461091768373,
            "Temporal": 0.11085406661762723,
            "Occipital": 0.14681300086863466
        },
        "Alpha": {
            "Frontal": 0.06886351200021669,
            "Central": 0.0999540392915178,
            "Parietal": 0.09935770813319611,
            "Temporal": 0.07419581750640575,
            "Occipital": 0.09672298305474818
        },
        "Beta": {
            "Frontal": 0.08602074943669046,
            "Central": 0.12186928264524952,
            "Parietal": 0.1279916396643959,
            "Temporal": 0.1179379154696207,
            "Occipital": 0.09997794192790592
        },
        "Gamma": {
            "Frontal": 0.014918641984939437,
            "Central": 0.01729297689361198,
            "Parietal": 0.017531247417067998,
            "Temporal": 0.0268234490816733,
            "Occipital": 0.014023951402773974
        }
    },
    "Counting task 2": {
        "Delta": {
            "Frontal": 0.6539897313620373,
            "Central": 0.589690870144116,
            "Parietal": 0.5935695183394459,
            "Temporal": 0.6487474406826399,
            "Occipital": 0.5951461345271447
        },
        "Theta": {
            "Frontal": 0.13615557073110493,
            "Central": 0.1493390015167447,
            "Parietal": 0.13914837772242472,
            "Temporal": 0.09534020047338765,
            "Occipital": 0.1253201357191507
        },
        "Alpha": {
            "Frontal": 0.08902138550703854,
            "Central": 0.11175706709024229,
            "Parietal": 0.12106968541186565,
            "Temporal": 0.07654357847880387,
            "Occipital": 0.16000460226568425
        },
        "Beta": {
            "Frontal": 0.1035542343862488,
            "Central": 0.13016934195663182,
            "Parietal": 0.12863880275056136,
            "Temporal": 0.14640101288831564,
            "Occipital": 0.10609788076776944
        },
        "Gamma": {
            "Frontal": 0.01727907801357054,
            "Central": 0.019043719292265202,
            "Parietal": 0.017573615775702437,
            "Temporal": 0.032967767476852865,
            "Occipital": 0.01343124672025096
        }
    },
    "Imaginary defecation task": {
        "Delta": {
            "Frontal": 0.5249281505086631,
            "Central": 0.5579401978290022,
            "Parietal": 0.5762559934831182,
            "Temporal": 0.45410827763241357,
            "Occipital": 0.5956323750840333
        },
        "Theta": {
            "Frontal": 0.17825991870142183,
            "Central": 0.16814243538074577,
            "Parietal": 0.17033873130928875,
            "Temporal": 0.15377569174453784,
            "Occipital": 0.1776158447853033
        },
        "Alpha": {
            "Frontal": 0.12605858436707496,
            "Central": 0.12255092520044557,
            "Parietal": 0.11863674908167215,
            "Temporal": 0.12043102081936548,
            "Occipital": 0.12302190399535899
        },
        "Beta": {
            "Frontal": 0.15211666997876352,
            "Central": 0.13591409784034164,
            "Parietal": 0.12198536787959233,
            "Temporal": 0.22569535407277774,
            "Occipital": 0.09336640592072057
        },
        "Gamma": {
            "Frontal": 0.018636676444076548,
            "Central": 0.015452343749464876,
            "Parietal": 0.012783158246328549,
            "Temporal": 0.045989655730905285,
            "Occipital": 0.010363470214583746
        }
    },
    "Simulated defecation task": {
        "Delta": {
            "Frontal": 0.47894250366049107,
            "Central": 0.43960905358996094,
            "Parietal": 0.49669778526043695,
            "Temporal": 0.4532366173588228,
            "Occipital": 0.5483775110282838
        },
        "Theta": {
            "Frontal": 0.21354613961504795,
            "Central": 0.22105787145352934,
            "Parietal": 0.19886155327683913,
            "Temporal": 0.16037383663938504,
            "Occipital": 0.16836079105857854
        },
        "Alpha": {
            "Frontal": 0.127193133579443,
            "Central": 0.13501250148811056,
            "Parietal": 0.1200568023176482,
            "Temporal": 0.10991516517195025,
            "Occipital": 0.12915030222505935
        },
        "Beta": {
            "Frontal": 0.1532378049212815,
            "Central": 0.17983119031633682,
            "Parietal": 0.160384500521046,
            "Temporal": 0.2214201045859318,
            "Occipital": 0.1365421430889801
        },
        "Gamma": {
            "Frontal": 0.02708041822373636,
            "Central": 0.024489383152062404,
            "Parietal": 0.023999358624029764,
            "Temporal": 0.05505427624391,
            "Occipital": 0.017569252599098258
        }
    },