{
    "Resting task": {
        "Delta": {
            "Frontal": 0.3462450835707354,
            "Central": 0.2604721922718098,
            "Parietal": 0.3671331021835354,
            "Temporal": 0.29618465637932273,
            "Occipital": 0.28907933817655024
        },
        "Theta": {
            "Frontal": 0.21167650018152082,
            "Central": 0.31202637102036973,
            "Parietal": 0.2449567498662153,
            "Temporal": 0.2451983239632313,
            "Occipital": 0.2738232720162495
        },
        "Alpha": {
            "Frontal": 0.15644689755826915,
            "Central": 0.1595196337240641,
            "Parietal": 0.1387590291204147,
            "Temporal": 0.19474166175410818,
            "Occipital": 0.19064960269711914
        },
        "Beta": {
            "Frontal": 0.23085226809543996,
            "Central": 0.21027168163607213,
            "Parietal": 0.19501203641124656,
            "Temporal": 0.2108466666638158,
            "Occipital": 0.17868218454721957
        },
        "Gamma": {
            "Frontal": 0.054779250594034774,
            "Central": 0.05771012134768425,
            "Parietal": 0.05413908241858799,
            "Temporal": 0.05302869123952199,
            "Occipital": 0.06776560256286149
        }
    },
    "Counting task 1": {
        "Delta": {
            "Frontal": 0.743615084831358,
            "Central": 0.6506401057799674,
            "Parietal": 0.7560587982457821,
            "Temporal": 0.7373902151371827,
            "Occipital": 0.7658940617597481
        },
        "Theta": {
            "Frontal": 0.12113768018658695,
            "Central": 0.2011802152283935,
            "Parietal": 0.1332393157023077,
            "Temporal": 0.14602953917626632,
            "Occipital": 0.09754989948929435
        },
        "Alpha": {
            "Frontal": 0.04958877826358433,
            "Central": 0.06930053284799938,
            "Parietal": 0.050919125930705036,
            "Temporal": 0.04109331904043788,
            "Occipital": 0.05579015408787645
        },
        "Beta": {
            "Frontal": 0.06596065373947849,
            "Central": 0.06572612564211677,
            "Parietal": 0.047413488457079433,
            "Temporal": 0.060338387888142477,
            "Occipital": 0.0655477778976847
        },
        "Gamma": {
            "Frontal": 0.019697802978992325,
            "Central": 0.013153020501522972,
            "Parietal": 0.012369271664125752,
            "Temporal": 0.015148538757970564,
            "Occipital": 0.015218106765396384
        }
    },
    "Word formation task": {
        "Delta": {
            "Frontal": 0.7661503153354124,
            "Central": 0.7616463094563459,
            "Parietal": 0.7433126207776093,
            "Temporal": 0.756473796991297,
            "Occipital": 0.7187924352511144
        },
        "Theta": {
            "Frontal": 0.11894004441557456,
            "Central": 0.13136079271974196,
            "Parietal": 0.14910846174107953,
            "Temporal": 0.1219724024504448,
            "Occipital": 0.1674077685309484
        },
        "Alpha": {
            "Frontal": 0.03582230888257614,
            "Central": 0.04824627228136218,
            "Parietal": 0.045362322601584265,
            "Temporal": 0.040236621369052164,
            "Occipital": 0.053091813309779724
        },
        "Beta": {
            "Frontal": 0.05952174281457122,
            "Central": 0.04514037920871338,
            "Parietal": 0.04843126594729773,
            "Temporal": 0.0612559714588566,
            "Occipital": 0.04820273458453489
        },
        "Gamma": {
            "Frontal": 0.019565588551865718,
            "Central": 0.013606246333836464,
            "Parietal": 0.013785328932429196,
            "Temporal": 0.02006120773034939,
            "Occipital": 0.012505248323622709
        }
    },
    "Counting task 2": {
        "Delta": {
            "Frontal": 0.7835150532530184,
            "Central": 0.7104526218673518,
            "Parietal": 0.7737331745708079,
            "Temporal": 0.7049745289435518,
            "Occipital": 0.7261760290221053
        },
        "Theta": {
            "Frontal": 0.10093460780257828,
            "Central": 0.17065045614103727,
            "Parietal": 0.12213142194963073,
            "Temporal": 0.10410119801763813,
            "Occipital": 0.12904531654549886
        },
        "Alpha": {
            "Frontal": 0.04650052537308398,
            "Central": 0.057781967664506995,
            "Parietal": 0.0431001850950211,
            "Temporal": 0.0528476823401535,
            "Occipital": 0.051696618802266794
        },
        "Beta": {
            "Frontal": 0.0557590008949657,
            "Central": 0.049445461349062594,
            "Parietal": 0.05096391847544784,
            "Temporal": 0.10946961967899738,
            "Occipital": 0.07648249014343984
        },
        "Gamma": {
            "Frontal": 0.013290812676353686,
            "Central": 0.011669492978041273,
            "Parietal": 0.010071299909092451,
            "Temporal": 0.02860697101965922,
            "Occipital": 0.01659954548668923
        }
    },
    "Imaginary defecation task": {
        "Delta": {
            "Frontal": 0.7091683216685916,
            "Central": 0.6399301245423418,
            "Parietal": 0.6474501075263686,
            "Temporal": 0.5979462784714235,
            "Occipital": 0.6397171675055244
        },
        "Theta": {
            "Frontal": 0.12582332151779693,
            "Central": 0.17133625480035564,
            "Parietal": 0.14966307216504582,
            "Temporal": 0.1666740309428276,
            "Occipital": 0.15021487812949968
        },
        "Alpha": {
            "Frontal": 0.05342668387939575,
            "Central": 0.0807136464015219,
            "Parietal": 0.0841382124022427,
            "Temporal": 0.07392814298021752,
            "Occipital": 0.08886232023862506
        },
        "Beta": {
            "Frontal": 0.08178629156944636,
            "Central": 0.08678559209811702,
            "Parietal": 0.0977901027802564,
            "Temporal": 0.11650763923772797,
            "Occipital": 0.09105352622594592
        },
        "Gamma": {
            "Frontal": 0.02979538136476938,
            "Central": 0.02123438215766355,
            "Parietal": 0.020958505126086612,
            "Temporal": 0.04494390836780347,
            "Occipital": 0.03015210790040487
        }
    },
    "Simulated defecation task": {
        "Delta": {
            "Frontal": 0.704817783011913,
            "Central": 0.7593076170284132,
            "Parietal": 0.7319047605015357,
            "Temporal": 0.672315416093429,
            "Occipital": 0.6805510805583829
        },
        "Theta": {
            "Frontal": 0.11715157445013713,
            "Central": 0.12255615821184798,
            "Parietal": 0.1316146832645373,
            "Temporal": 0.08711394005409898,
            "Occipital": 0.14597486459959697
        },
        "Alpha": {
            "Frontal": 0.06694289392113249,
            "Central": 0.04920701460464045,
            "Parietal": 0.05297819451643168,
            "Temporal": 0.06608133453046164,
            "Occipital": 0.07097343422852614
        },
        "Beta": {
            "Frontal": 0.09307650617559672,
            "Central": 0.05697387611269129,
            "Parietal": 0.06940579565789758,
            "Temporal": 0.1427697368227742,
            "Occipital": 0.08662596715863938
        },
        "Gamma": {
            "Frontal": 0.018011242441220682,
            "Central": 0.011955334042407074,
            "Parietal": 0.014096566059597736,
            "Temporal": 0.0317195724992361,
            "Occipital": 0.01587465345485473
        }
    },