{
    "Resting task": {
        "Delta": {
            "Frontal": 0.44494977972242644,
            "Central": 0.530897607495754,
            "Parietal": 0.5205183089641452,
            "Temporal": 0.45924649854610466,
            "Occipital": 0.4510243508640598
        },
        "Theta": {
            "Frontal": 0.1503108062758305,
            "Central": 0.1965197249566632,
            "Parietal": 0.2153690988845377,
            "Temporal": 0.1852573326148224,
            "Occipital": 0.23444733391087413
        },
        "Alpha": {
            "Frontal": 0.16558478090994314,
            "Central": 0.08934744951531096,
            "Parietal": 0.09593560748107417,
            "Temporal": 0.10155045295252521,
            "Occipital": 0.13855981327888897
        },
        "Beta": {
            "Frontal": 0.19275417533221068,
            "Central": 0.15163521481338943,
            "Parietal": 0.14138557892214293,
            "Temporal": 0.20637607098961622,
            "Occipital": 0.1474081700227756
        },
        "Gamma": {
            "Frontal": 0.04640045775958924,
            "Central": 0.03160000321888257,
            "Parietal": 0.026791405748100166,
            "Temporal": 0.047569644896931454,
            "Occipital": 0.028560331923401523
        }
    },
    "Counting task 1": {
        "Delta": {
            "Frontal": 0.607901246655029,
            "Central": 0.5828103008234916,
            "Parietal": 0.5682446776542978,
            "Temporal": 0.5509050573135964,
            "Occipital": 0.5651594791614571
        },
        "Theta": {
            "Frontal": 0.2022968663295896,
            "Central": 0.18397757655905206,
            "Parietal": 0.1920546621517708,
            "Temporal": 0.19144492755163894,
            "Occipital": 0.1691848309387502
        },
        "Alpha": {
            "Frontal": 0.07774918993368131,
            "Central": 0.08481913596146225,
            "Parietal": 0.09337025980309134,
            "Temporal": 0.09743148009695138,
            "Occipital": 0.0983185064509422
        },
        "Beta": {
            "Frontal": 0.09195384164041194,
            "Central": 0.12262802163580404,
            "Parietal": 0.12423692980306683,
            "Temporal": 0.12939875519245314,
            "Occipital": 0.14371784998903842
        },
        "Gamma": {
            "Frontal": 0.02009885544128806,
            "Central": 0.02576496502019015,
            "Parietal": 0.02209347058777328,
            "Temporal": 0.030819779845360096,
            "Occipital": 0.02361933345981202
        }
    },
    "Word formation task": {
        "Delta": {
            "Frontal": 0.6451137866415835,
            "Central": 0.6424731231836681,
            "Parietal": 0.6291230328277979,
            "Temporal": 0.5998537255980599,
            "Occipital": 0.5879344760007905
        },
        "Theta": {
            "Frontal": 0.1915426615626927,
            "Central": 0.14868948555143374,
            "Parietal": 0.15011128073470298,
            "Temporal": 0.14128843830215887,
            "Occipital": 0.15453187826689116
        },
        "Alpha": {
            "Frontal": 0.06410136705866792,
            "Central": 0.07087446880064655,
            "Parietal": 0.08468650282660098,
            "Temporal": 0.06823742021823263,
            "Occipital": 0.10477800979336298
        },
        "Beta": {
            "Frontal": 0.07999190952763953,
            "Central": 0.1074840408136071,
            "Parietal": 0.1103627573600975,
            "Temporal": 0.15228837758981945,
            "Occipital": 0.11871046014736009
        },
        "Gamma": {
            "Frontal": 0.01925027520941644,
            "Central": 0.03047888165064459,
            "Parietal": 0.02571642625080066,
            "Temporal": 0.03833203829172895,
            "Occipital": 0.03404517579159538
        }
    },
    "Counting task 2": {
        "Delta": {
            "Frontal": 0.6760137655550424,
            "Central": 0.6850111902313427,
            "Parietal": 0.6742595967859635,
            "Temporal": 0.598009101828996,
            "Occipital": 0.6742714976817568
        },
        "Theta": {
            "Frontal": 0.13662899317759547,
            "Central": 0.13368411276063608,
            "Parietal": 0.14076135676811358,
            "Temporal": 0.12363310263428766,
            "Occipital": 0.10686888129380591
        },
        "Alpha": {
            "Frontal": 0.0825698881124007,
            "Central": 0.07500134845760388,
            "Parietal": 0.08643659971388468,
            "Temporal": 0.09980156537168734,
            "Occipital": 0.09791586151136711
        },
        "Beta": {
            "Frontal": 0.08765957484924983,
            "Central": 0.08862312582353014,
            "Parietal": 0.08515374907545534,
            "Temporal": 0.14456130059562428,
            "Occipital": 0.09998085900963904
        },
        "Gamma": {
            "Frontal": 0.017127778305711522,
            "Central": 0.017680222726887098,
            "Parietal": 0.013388697656583026,
            "Temporal": 0.033994929569404767,
            "Occipital": 0.020962900503431192
        }
    },
    "Imaginary defecation task": {
        "Delta": {
            "Frontal": 0.6970234014925455,
            "Central": 0.6623883848023215,
            "Parietal": 0.669972772737112,
            "Temporal": 0.5446412265342827,
            "Occipital": 0.6981587531167391
        },
        "Theta": {
            "Frontal": 0.15159235703684093,
            "Central": 0.11554880542661561,
            "Parietal": 0.11563005396092993,
            "Temporal": 0.10597733161123721,
            "Occipital": 0.10300543406744805
        },
        "Alpha": {
            "Frontal": 0.058497233806496636,
            "Central": 0.09347948653880041,
            "Parietal": 0.09639715747365352,
            "Temporal": 0.14517736689970945,
            "Occipital": 0.08361024245697893
        },
        "Beta": {
            "Frontal": 0.08130136082063863,
            "Central": 0.11342974518694901,
            "Parietal": 0.10583727250858252,
            "Temporal": 0.1691670182034363,
            "Occipital": 0.09517363361992995
        },
        "Gamma": {
            "Frontal": 0.011585646843478374,
            "Central": 0.015153578045313452,
            "Parietal": 0.012162743319722133,
            "Temporal": 0.03503705675133445,
            "Occipital": 0.020051936738903813
        }
    },
    "Simulated defecation task": {
        "Delta": {
            "Frontal": 0.6383821751988553,
            "Central": 0.5738847231299214,
            "Parietal": 0.5799908731413068,
            "Temporal": 0.5986538840237866,
            "Occipital": 0.5483943980267155
        },
        "Theta": {
            "Frontal": 0.15834876741856263,
            "Central": 0.1584053177651746,
            "Parietal": 0.20521285910003298,
            "Temporal": 0.1470086710354534,
            "Occipital": 0.2139664136326938
        },
        "Alpha": {
            "Frontal": 0.07993438534462065,
            "Central": 0.09649098841901203,
            "Parietal": 0.08081527082283697,
            "Temporal": 0.1038544306507744,
            "Occipital": 0.08465296833084185
        },
        "Beta": {
            "Frontal": 0.09668362087792752,
            "Central": 0.13920069657435893,
            "Parietal": 0.11331754595309791,
            "Temporal": 0.11916376917787223,
            "Occipital": 0.1247766599455004
        },
        "Gamma": {
            "Frontal": 0.02665105116003387,
            "Central": 0.032018274111532845,
            "Parietal": 0.020663450982725443,
            "Temporal": 0.031319245112113404,
            "Occipital": 0.028209560064248435
        }
    },