{
    "Resting task": {
        "Delta": {
            "Frontal": 0.40982947294767985,
            "Central": 0.4280773914801856,
            "Parietal": 0.4333946125613203,
            "Temporal": 0.38633906984253746,
            "Occipital": 0.34981681457018754
        },
        "Theta": {
            "Frontal": 0.17691303461231864,
            "Central": 0.17522333385906327,
            "Parietal": 0.17374470398675898,
            "Temporal": 0.1782928545634001,
            "Occipital": 0.16751141907044345
        },
        "Alpha": {
            "Frontal": 0.22817455046476787,
            "Central": 0.22658733050218763,
            "Parietal": 0.20365189608014575,
            "Temporal": 0.21826159978617676,
            "Occipital": 0.2371899786920099
        },
        "Beta": {
            "Frontal": 0.15268523752749977,
            "Central": 0.14141029077943937,
            "Parietal": 0.15452010972546867,
            "Temporal": 0.17724764243295646,
            "Occipital": 0.19559793708980672
        },
        "Gamma": {
            "Frontal": 0.03239770444773398,
            "Central": 0.028701653379124125,
            "Parietal": 0.03468867764630637,
            "Temporal": 0.03985883337492922,
            "Occipital": 0.04988385057755234
        }
    },
    "Counting task 1": {
        "Delta": {
            "Frontal": 0.6341211996509467,
            "Central": 0.6549245604901642,
            "Parietal": 0.6540731799529178,
            "Temporal": 0.6204404248431548,
            "Occipital": 0.6142340907215522
        },
        "Theta": {
            "Frontal": 0.20355328088898694,
            "Central": 0.21923995626482304,
            "Parietal": 0.21637732065406606,
            "Temporal": 0.24278366454300002,
            "Occipital": 0.20936783775213114
        },
        "Alpha": {
            "Frontal": 0.06697953774093214,
            "Central": 0.06231865242244317,
            "Parietal": 0.057558472277304776,
            "Temporal": 0.054397535087993956,
            "Occipital": 0.05158099908944713
        },
        "Beta": {
            "Frontal": 0.07267606636258707,
            "Central": 0.049500813037214875,
            "Parietal": 0.05568249229821146,
            "Temporal": 0.0611890299211323,
            "Occipital": 0.09612898332654252
        },
        "Gamma": {
            "Frontal": 0.02266991535654719,
            "Central": 0.014016017785354492,
            "Parietal": 0.016308534817499935,
            "Temporal": 0.021189345604718995,
            "Occipital": 0.028688089110327004
        }
    },
    "Word formation task": {
        "Delta": {
            "Frontal": 0.4665208043064796,
            "Central": 0.5003285886704295,
            "Parietal": 0.554580419595383,
            "Temporal": 0.4706701885298245,
            "Occipital": 0.4784345322623003
        },
        "Theta": {
            "Frontal": 0.16171294727138677,
            "Central": 0.15405293456558525,
            "Parietal": 0.13991435810605374,
            "Temporal": 0.16457916836773406,
            "Occipital": 0.13549467283679306
        },
        "Alpha": {
            "Frontal": 0.1274035441238369,
            "Central": 0.15173937321203815,
            "Parietal": 0.1279622270566861,
            "Temporal": 0.12301616641380379,
            "Occipital": 0.1286836793985548
        },
        "Beta": {
            "Frontal": 0.19401173924045018,
            "Central": 0.15510362609850278,
            "Parietal": 0.14457813640303463,
            "Temporal": 0.19746884709869467,
            "Occipital": 0.21124784593861923
        },
        "Gamma": {
            "Frontal": 0.050350965057846635,
            "Central": 0.03877547745344439,
            "Parietal": 0.03296485883884269,
            "Temporal": 0.04426562958994289,
            "Occipital": 0.04613926956373263
        }
    },
    "Counting task 2": {
        "Delta": {
            "Frontal": 0.5215404707811052,
            "Central": 0.5566430456210282,
            "Parietal": 0.5320000721214135,
            "Temporal": 0.5946666808449266,
            "Occipital": 0.503669843828965
        },
        "Theta": {
            "Frontal": 0.17404110535436126,
            "Central": 0.1740703364404085,
            "Parietal": 0.18769054720537887,
            "Temporal": 0.13492341605629687,
            "Occipital": 0.19434696626810408
        },
        "Alpha": {
            "Frontal": 0.0979448344416893,
            "Central": 0.10673757878781961,
            "Parietal": 0.1030737814624355,
            "Temporal": 0.08056030950753146,
            "Occipital": 0.09938956129507594
        },
        "Beta": {
            "Frontal": 0.16214284521388253,
            "Central": 0.1286274495515401,
            "Parietal": 0.13992065117920527,
            "Temporal": 0.14095522990267365,
            "Occipital": 0.15698429830854566
        },
        "Gamma": {
            "Frontal": 0.044330744208961714,
            "Central": 0.033921589599203494,
            "Parietal": 0.03731494803156677,
            "Temporal": 0.048894363688571564,
            "Occipital": 0.04560933029930944
        }
    },
    "Imaginary defecation task": {
        "Delta": {
            "Frontal": 0.450471048587289,
            "Central": 0.48825024598913813,
            "Parietal": 0.45282342390947417,
            "Temporal": 0.4419919340378593,
            "Occipital": 0.33796142824366154
        },
        "Theta": {
            "Frontal": 0.1881697286440216,
            "Central": 0.2119481061060486,
            "Parietal": 0.20359687211131516,
            "Temporal": 0.1809967721017309,
            "Occipital": 0.22662967101921105
        },
        "Alpha": {
            "Frontal": 0.0957327644225133,
            "Central": 0.09684416828307814,
            "Parietal": 0.0974238027656977,
            "Temporal": 0.07877888324544732,
            "Occipital": 0.1422655069233318
        },
        "Beta": {
            "Frontal": 0.192610434976004,
            "Central": 0.1472660275830233,
            "Parietal": 0.18123998202729094,
            "Temporal": 0.21156586990939003,
            "Occipital": 0.2173373555578757
        },
        "Gamma": {
            "Frontal": 0.07301602337017225,
            "Central": 0.0556914520387119,
            "Parietal": 0.06491591918622207,
            "Temporal": 0.08666654070557242,
            "Occipital": 0.07580603825591992
        }
    },
    "Simulated defecation task": {
        "Delta": {
            "Frontal": 0.5024146014039046,
            "Central": 0.539771872650707,
            "Parietal": 0.5502953235802428,
            "Temporal": 0.5144036392814246,
            "Occipital": 0.39054022780020425
        },
        "Theta": {
            "Frontal": 0.12877623072806013,
            "Central": 0.11006100917863788,
            "Parietal": 0.11018939531198356,
            "Temporal": 0.09158686753346884,
            "Occipital": 0.14020749279900596
        },
        "Alpha": {
            "Frontal": 0.20452340893270488,
            "Central": 0.20401726299426035,
            "Parietal": 0.15733162239925685,
            "Temporal": 0.17992113932586554,
            "Occipital": 0.20066694092869283
        },
        "Beta": {
            "Frontal": 0.13439365972875617,
            "Central": 0.12165010384246641,
            "Parietal": 0.1484509461294633,
            "Temporal": 0.171980820815515,
            "Occipital": 0.2112958000409294
        },
        "Gamma": {
            "Frontal": 0.029892099206574235,
            "Central": 0.02449975133392839,
            "Parietal": 0.033732712579053546,
            "Temporal": 0.04210753304372586,
            "Occipital": 0.05728953843116753
        }
    },