{
    "Resting task": {
        "Delta": {
            "Frontal": 0.498138637752395,
            "Central": 0.45573645820215497,
            "Parietal": 0.5049722616498857,
            "Temporal": 0.4929019841095624,
            "Occipital": 0.45606195201013605
        },
        "Theta": {
            "Frontal": 0.17591738262416634,
            "Central": 0.17983545594628683,
            "Parietal": 0.17300448807155,
            "Temporal": 0.16642316674908336,
            "Occipital": 0.16614884934370358
        },
        "Alpha": {
            "Frontal": 0.19013146344735146,
            "Central": 0.20440320687012226,
            "Parietal": 0.17587839802909475,
            "Temporal": 0.16869322387276603,
            "Occipital": 0.2219093888897709
        },
        "Beta": {
            "Frontal": 0.11832842231899666,
            "Central": 0.1393392911385515,
            "Parietal": 0.1264054231893868,
            "Temporal": 0.1468654336937628,
            "Occipital": 0.13586777580567147
        },
        "Gamma": {
            "Frontal": 0.017484093857090547,
            "Central": 0.020685587842884403,
            "Parietal": 0.019739429060082712,
            "Temporal": 0.025116191574825454,
            "Occipital": 0.02001203395071806
        }
    },
    "Counting task 1": {
        "Delta": {
            "Frontal": 0.7402081530950121,
            "Central": 0.6743782961353258,
            "Parietal": 0.6844169897272436,
            "Temporal": 0.6816576290129823,
            "Occipital": 0.7446007893688249
        },
        "Theta": {
            "Frontal": 0.14173639640899752,
            "Central": 0.2004655302338701,
            "Parietal": 0.18318643525315192,
            "Temporal": 0.15025675552500228,
            "Occipital": 0.142341894107612
        },
        "Alpha": {
            "Frontal": 0.06306848942022387,
            "Central": 0.06495295580679004,
            "Parietal": 0.07720319087260043,
            "Temporal": 0.07211668908854288,
            "Occipital": 0.051619005391099995
        },
        "Beta": {
            "Frontal": 0.04706990053443115,
            "Central": 0.04998319868692296,
            "Parietal": 0.046589910087841996,
            "Temporal": 0.07853054743658852,
            "Occipital": 0.052827447525857135
        },
        "Gamma": {
            "Frontal": 0.007917060541335556,
            "Central": 0.010220019137091026,
            "Parietal": 0.008603474059161984,
            "Temporal": 0.017438378936884016,
            "Occipital": 0.008610863606606019
        }
    },
    "Word formation task": {
        "Delta": {
            "Frontal": 0.6946217034229313,
            "Central": 0.5469409596401787,
            "Parietal": 0.6539310840222814,
            "Temporal": 0.6942705950275908,
            "Occipital": 0.7522414614685095
        },
        "Theta": {
            "Frontal": 0.15958275135786118,
            "Central": 0.2279936376730324,
            "Parietal": 0.1846943555578662,
            "Temporal": 0.12220909333968846,
            "Occipital": 0.10739041097777907
        },
        "Alpha": {
            "Frontal": 0.07123852257249631,
            "Central": 0.11353673418918506,
            "Parietal": 0.09142219276576105,
            "Temporal": 0.0800263371860536,
            "Occipital": 0.06674687207943024
        },
        "Beta": {
            "Frontal": 0.060900573944518435,
            "Central": 0.09110922186065849,
            "Parietal": 0.05830879713858964,
            "Temporal": 0.0822516732383394,
            "Occipital": 0.05850686836633752
        },
        "Gamma": {
            "Frontal": 0.0136564487021927,
            "Central": 0.020419446636945223,
            "Parietal": 0.011643570515501748,
            "Temporal": 0.021242301208327673,
            "Occipital": 0.015114387107943744
        }
    },
    "Counting task 2": {
        "Delta": {
            "Frontal": 0.7901158114392995,
            "Central": 0.689762082905296,
            "Parietal": 0.7109741091235395,
            "Temporal": 0.7354278672328047,
            "Occipital": 0.7624153420522095
        },
        "Theta": {
            "Frontal": 0.09366004751836415,
            "Central": 0.13051786605324756,
            "Parietal": 0.13701622696961224,
            "Temporal": 0.08715115488756482,
            "Occipital": 0.09591775791176521
        },
        "Alpha": {
            "Frontal": 0.06516511739183431,
            "Central": 0.0938281467796288,
            "Parietal": 0.08679707078846671,
            "Temporal": 0.0708752620011249,
            "Occipital": 0.07000920749636597
        },
        "Beta": {
            "Frontal": 0.04343597344743373,
            "Central": 0.07266617792654095,
            "Parietal": 0.056070236032148474,
            "Temporal": 0.08635563721575149,
            "Occipital": 0.06087667185777942
        },
        "Gamma": {
            "Frontal": 0.007623050203068157,
            "Central": 0.013225726335286776,
            "Parietal": 0.009142357086233014,
            "Temporal": 0.020190078662754123,
            "Occipital": 0.010781020681879975
        }
    },
    "Imaginary defecation task": {
        "Delta": {
            "Frontal": 0.5737416754026219,
            "Central": 0.50309201617814,
            "Parietal": 0.5566102725770273,
            "Temporal": 0.33363356425983204,
            "Occipital": 0.43853592456355
        },
        "Theta": {
            "Frontal": 0.18101494494242984,
            "Central": 0.18699171415352306,
            "Parietal": 0.18807359815432423,
            "Temporal": 0.1681048140590066,
            "Occipital": 0.19594880186220215
        },
        "Alpha": {
            "Frontal": 0.12631037633912034,
            "Central": 0.13373038093743886,
            "Parietal": 0.1212312844223717,
            "Temporal": 0.19210490548181558,
            "Occipital": 0.1495989452942389
        },
        "Beta": {
            "Frontal": 0.1055121618659104,
            "Central": 0.1555072420118224,
            "Parietal": 0.12005371873136156,
            "Temporal": 0.25254707521664355,
            "Occipital": 0.19131335917793754
        },
        "Gamma": {
            "Frontal": 0.0134208414499176,
            "Central": 0.020678646719075607,
            "Parietal": 0.014031126114915197,
            "Temporal": 0.053609640982702336,
            "Occipital": 0.024602969102071368
        }
    },
    "Simulated defecation task": {
        "Delta": {
            "Frontal": 0.6365240640164403,
            "Central": 0.5891966367289557,
            "Parietal": 0.5854511769226691,
            "Temporal": 0.49642306047997564,
            "Occipital": 0.5391479424487088
        },
        "Theta": {
            "Frontal": 0.1634326369564893,
            "Central": 0.1525011679395091,
            "Parietal": 0.16388552942354406,
            "Temporal": 0.1350870212725697,
            "Occipital": 0.1687260232050821
        },
        "Alpha": {
            "Frontal": 0.11122411192308744,
            "Central": 0.12472856542575537,
            "Parietal": 0.12255933342362263,
            "Temporal": 0.13350386039856924,
            "Occipital": 0.13748833922713127
        },
        "Beta": {
            "Frontal": 0.07455163386352251,
            "Central": 0.11039567472752254,
            "Parietal": 0.10696151330592767,
            "Temporal": 0.18838270142198002,
            "Occipital": 0.13024174670086808
        },
        "Gamma": {
            "Frontal": 0.014267553240460385,
            "Central": 0.023177955178257197,
            "Parietal": 0.02114244692423655,
            "Temporal": 0.046603356426905454,
            "Occipital": 0.024395948418209648
        }
    },