{
    "Resting task": {
        "Delta": {
            "Frontal": 0.5167317581888894,
            "Central": 0.5184487694318448,
            "Parietal": 0.4963935827403904,
            "Temporal": 0.4469466978360067,
            "Occipital": 0.49123487022671386
        },
        "Theta": {
            "Frontal": 0.20013769885631294,
            "Central": 0.22610105237670794,
            "Parietal": 0.20439239381026086,
            "Temporal": 0.18153438859242763,
            "Occipital": 0.18734306742779633
        },
        "Alpha": {
            "Frontal": 0.11545589443092139,
            "Central": 0.106584787800406,
            "Parietal": 0.11819028402073477,
            "Temporal": 0.12082614217963276,
            "Occipital": 0.13246028030257373
        },
        "Beta": {
            "Frontal": 0.14574277359949905,
            "Central": 0.1306995237066577,
            "Parietal": 0.15693588795256308,
            "Temporal": 0.21747501187462817,
            "Occipital": 0.16521645915648134
        },
        "Gamma": {
            "Frontal": 0.02193187492437723,
            "Central": 0.018165866684383615,
            "Parietal": 0.024087851476050914,
            "Temporal": 0.03321775951730467,
            "Occipital": 0.023745322886434647
        }
    },
    "Counting task 1": {
        "Delta": {
            "Frontal": 0.6653757199376958,
            "Central": 0.6649510682912928,
            "Parietal": 0.6102037099812813,
            "Temporal": 0.6594526887616995,
            "Occipital": 0.549488980981338
        },
        "Theta": {
            "Frontal": 0.13718186038936783,
            "Central": 0.150433567253968,
            "Parietal": 0.16961778126740437,
            "Temporal": 0.12905038792850923,
            "Occipital": 0.17334353171697464
        },
        "Alpha": {
            "Frontal": 0.08877222075826477,
            "Central": 0.10301882308696807,
            "Parietal": 0.11249747825024739,
            "Temporal": 0.09501950272394756,
            "Occipital": 0.13420171357926144
        },
        "Beta": {
            "Frontal": 0.08723152896851538,
            "Central": 0.06983019242924426,
            "Parietal": 0.09280123404788526,
            "Temporal": 0.09753488177250595,
            "Occipital": 0.1217192631128045
        },
        "Gamma": {
            "Frontal": 0.02143866994615632,
            "Central": 0.011766348938526924,
            "Parietal": 0.014879796453181693,
            "Temporal": 0.01894253881333767,
            "Occipital": 0.021246510609621364
        }
    },
    "Word formation task": {
        "Delta": {
            "Frontal": 0.7428817904338159,
            "Central": 0.7664367322926046,
            "Parietal": 0.7341570300862966,
            "Temporal": 0.8174399378720839,
            "Occipital": 0.7348780941244153
        },
        "Theta": {
            "Frontal": 0.1367561262975167,
            "Central": 0.12011945182974883,
            "Parietal": 0.13563348886990362,
            "Temporal": 0.09293199588709893,
            "Occipital": 0.12241347470413041
        },
        "Alpha": {
            "Frontal": 0.06298818553451924,
            "Central": 0.06445088750936842,
            "Parietal": 0.07033475012362536,
            "Temporal": 0.04992105418638573,
            "Occipital": 0.07406250933532912
        },
        "Beta": {
            "Frontal": 0.04737563491578451,
            "Central": 0.04256022366206077,
            "Parietal": 0.05130165962692085,
            "Temporal": 0.033254071897934154,
            "Occipital": 0.06002001845427754
        },
        "Gamma": {
            "Frontal": 0.009998262818363742,
            "Central": 0.006432704706217579,
            "Parietal": 0.008573071293253567,
            "Temporal": 0.006452940156497266,
            "Occipital": 0.008625903381847589
        }
    },
    "Counting task 2": {
        "Delta": {
            "Frontal": 0.6492940150034976,
            "Central": 0.6476928166121639,
            "Parietal": 0.6479619161392467,
            "Temporal": 0.6632679373085925,
            "Occipital": 0.6287944705039674
        },
        "Theta": {
            "Frontal": 0.19097056303553508,
            "Central": 0.20465131198303776,
            "Parietal": 0.19498956248202384,
            "Temporal": 0.20977323742979062,
            "Occipital": 0.18037089637360462
        },
        "Alpha": {
            "Frontal": 0.07139071374936075,
            "Central": 0.08138292814034678,
            "Parietal": 0.0836145466034362,
            "Temporal": 0.060164964643178,
            "Occipital": 0.09532266438765552
        },
        "Beta": {
            "Frontal": 0.07284759289011719,
            "Central": 0.05681003850368794,
            "Parietal": 0.06320329440262082,
            "Temporal": 0.05624155869882114,
            "Occipital": 0.08515600300536602
        },
        "Gamma": {
            "Frontal": 0.015497115321489164,
            "Central": 0.009462904760763497,
            "Parietal": 0.010230680372672447,
            "Temporal": 0.010552301919617871,
            "Occipital": 0.010355965729406457
        }
    },
    "Imaginary defecation task": {
        "Delta": {
            "Frontal": 0.6186904178775671,
            "Central": 0.6005954886704761,
            "Parietal": 0.5792189825150551,
            "Temporal": 0.5611272621227138,
            "Occipital": 0.5139778086122091
        },
        "Theta": {
            "Frontal": 0.18679255352290952,
            "Central": 0.18868339530049966,
            "Parietal": 0.1745634911871241,
            "Temporal": 0.1627326761525193,
            "Occipital": 0.1831438974121187
        },
        "Alpha": {
            "Frontal": 0.09045574469488413,
            "Central": 0.10611222352014374,
            "Parietal": 0.11299147739086418,
            "Temporal": 0.10804607830438204,
            "Occipital": 0.12999126878559783
        },
        "Beta": {
            "Frontal": 0.08976130267999866,
            "Central": 0.09057195431483635,
            "Parietal": 0.11507458360670539,
            "Temporal": 0.14414832682746212,
            "Occipital": 0.15779394240614827
        },
        "Gamma": {
            "Frontal": 0.014299981224640613,
            "Central": 0.014036938194044135,
            "Parietal": 0.018151465300251243,
            "Temporal": 0.02394565659292288,
            "Occipital": 0.015093082783926164
        }
    },
    "Simulated defecation task": {
        "Delta": {
            "Frontal": 0.6528529577127603,
            "Central": 0.588846156091748,
            "Parietal": 0.6094356114347173,
            "Temporal": 0.6537509319460392,
            "Occipital": 0.5685168869007629
        },
        "Theta": {
            "Frontal": 0.16953572600566996,
            "Central": 0.19827858545091284,
            "Parietal": 0.20055845378030168,
            "Temporal": 0.16290898715943797,
            "Occipital": 0.20170671359553724
        },
        "Alpha": {
            "Frontal": 0.08245854359413955,
            "Central": 0.10314435417791756,
            "Parietal": 0.07932956808127506,
            "Temporal": 0.07269437078652428,
            "Occipital": 0.08862414347225098
        },
        "Beta": {
            "Frontal": 0.07816198864442754,
            "Central": 0.09253350466559387,
            "Parietal": 0.09399860898238303,
            "Temporal": 0.09105513477834506,
            "Occipital": 0.12192155544357683
        },
        "Gamma": {
            "Frontal": 0.016990784043002527,
            "Central": 0.017197399613827536,
            "Parietal": 0.01667775772132292,
            "Temporal": 0.01959057532965367,
            "Occipital": 0.01923070058787213
        }
    },