{
    "Resting task": {
        "Delta": {
            "Frontal": 0.657049883452176,
            "Central": 0.6077044062065501,
            "Parietal": 0.6095270323261437,
            "Temporal": 0.705850436812585,
            "Occipital": 0.6263439370894498
        },
        "Theta": {
            "Frontal": 0.11044309513235247,
            "Central": 0.1252227155382998,
            "Parietal": 0.11731125724633773,
            "Temporal": 0.08621816879764513,
            "Occipital": 0.10805058521865547
        },
        "Alpha": {
            "Frontal": 0.08514054379134044,
            "Central": 0.11421151843669605,
            "Parietal": 0.1166313835916725,
            "Temporal": 0.06567833377893778,
            "Occipital": 0.09933365837759088
        },
        "Beta": {
            "Frontal": 0.1211817669009442,
            "Central": 0.13045773987107373,
            "Parietal": 0.13451334010217725,
            "Temporal": 0.11723904245891907,
            "Occipital": 0.1411054320311682
        },
        "Gamma": {
            "Frontal": 0.026184710723186965,
            "Central": 0.022403619947380292,
            "Parietal": 0.02201698673366885,
            "Temporal": 0.025014018151913016,
            "Occipital": 0.025166387283135687
        }
    },
    "Counting task 1": {
        "Delta": {
            "Frontal": 0.7518743537948275,
            "Central": 0.6623520556060717,
            "Parietal": 0.7211827856150579,
            "Temporal": 0.7921414802548938,
            "Occipital": 0.7522133028270506
        },
        "Theta": {
            "Frontal": 0.12105290394812465,
            "Central": 0.17313438899159328,
            "Parietal": 0.13881054627246497,
            "Temporal": 0.10097189563586487,
            "Occipital": 0.1233262171564689
        },
        "Alpha": {
            "Frontal": 0.04484704189197315,
            "Central": 0.06383724150733061,
            "Parietal": 0.05617958890427606,
            "Temporal": 0.03376674826902331,
            "Occipital": 0.04767351527910818
        },
        "Beta": {
            "Frontal": 0.06910127915551928,
            "Central": 0.08580077074447698,
            "Parietal": 0.07097917729539696,
            "Temporal": 0.05951540540585374,
            "Occipital": 0.06150550088982991
        },
        "Gamma": {
            "Frontal": 0.013124421209555403,
            "Central": 0.014875543150527335,
            "Parietal": 0.012847901912804039,
            "Temporal": 0.013604470434364227,
            "Occipital": 0.015281463847542509
        }
    },
    "Word formation task": {
        "Delta": {
            "Frontal": 0.6446787751430129,
            "Central": 0.5309241998675267,
            "Parietal": 0.6059831567873795,
            "Temporal": 0.6880048435355665,
            "Occipital": 0.566013385050332
        },
        "Theta": {
            "Frontal": 0.12706630855082096,
            "Central": 0.18149284584269545,
            "Parietal": 0.14667096813541325,
            "Temporal": 0.09864413120868601,
            "Occipital": 0.1498711508398832
        },
        "Alpha": {
            "Frontal": 0.08291813742635261,
            "Central": 0.11012556414914246,
            "Parietal": 0.08013894349915235,
            "Temporal": 0.06173343801116722,
            "Occipital": 0.07725076654103315
        },
        "Beta": {
            "Frontal": 0.11542928220364701,
            "Central": 0.1451291381498312,
            "Parietal": 0.1366859240941148,
            "Temporal": 0.12110697718797117,
            "Occipital": 0.16619355447607895
        },
        "Gamma": {
            "Frontal": 0.02990749667616653,
            "Central": 0.03232825199080429,
            "Parietal": 0.03052100748394002,
            "Temporal": 0.030510610056609183,
            "Occipital": 0.04067114309267257
        }
    },
    "Counting task 2": {
        "Delta": {
            "Frontal": 0.6879653890092762,
            "Central": 0.6263393537902671,
            "Parietal": 0.6508686574079021,
            "Temporal": 0.7044665997553292,
            "Occipital": 0.5880698509688038
        },
        "Theta": {
            "Frontal": 0.10757738000466865,
            "Central": 0.12303387209612428,
            "Parietal": 0.10406332655093378,
            "Temporal": 0.07561323221068414,
            "Occipital": 0.11688363822170851
        },
        "Alpha": {
            "Frontal": 0.05461510520956626,
            "Central": 0.06876224752800311,
            "Parietal": 0.0688209019068606,
            "Temporal": 0.04515249681706883,
            "Occipital": 0.08039017167441603
        },
        "Beta": {
            "Frontal": 0.12480368647446573,
            "Central": 0.15123626209242927,
            "Parietal": 0.1459353031455511,
            "Temporal": 0.13987071314661945,
            "Occipital": 0.1752263992960906
        },
        "Gamma": {
            "Frontal": 0.02503843930202318,
            "Central": 0.030628264493176387,
            "Parietal": 0.030311810988752314,
            "Temporal": 0.034896958070298224,
            "Occipital": 0.03942993983898121
        }
    },
    "Imaginary defecation task": {
        "Delta": {
            "Frontal": 0.6068326205100784,
            "Central": 0.5716618004230831,
            "Parietal": 0.5641025382888697,
            "Temporal": 0.5881439038204357,
            "Occipital": 0.533170377376282
        },
        "Theta": {
            "Frontal": 0.09467996685983342,
            "Central": 0.11174643997769866,
            "Parietal": 0.10652736606612415,
            "Temporal": 0.09203285873388009,
            "Occipital": 0.09741962788334445
        },
        "Alpha": {
            "Frontal": 0.09631323488416363,
            "Central": 0.12164415641094976,
            "Parietal": 0.13366843444189558,
            "Temporal": 0.09950676240236045,
            "Occipital": 0.14068518869023733
        },
        "Beta": {
            "Frontal": 0.1646017704054485,
            "Central": 0.1656639024355732,
            "Parietal": 0.16648223138461693,
            "Temporal": 0.1766124961602109,
            "Occipital": 0.19204241164845792
        },
        "Gamma": {
            "Frontal": 0.03757240734047627,
            "Central": 0.029283700752695006,
            "Parietal": 0.029219429818493556,
            "Temporal": 0.043703978883113066,
            "Occipital": 0.03668239440167836
        }
    },
    "Simulated defecation task": {
        "Delta": {
            "Frontal": 0.44369420869758996,
            "Central": 0.4403879510582282,
            "Parietal": 0.47105245968202636,
            "Temporal": 0.409744838157894,
            "Occipital": 0.4585278742437612
        },
        "Theta": {
            "Frontal": 0.1466550770205193,
            "Central": 0.15751938400755902,
            "Parietal": 0.1542211948383881,
            "Temporal": 0.12002653635246943,
            "Occipital": 0.15471525347033568
        },
        "Alpha": {
            "Frontal": 0.10356940568586384,
            "Central": 0.11771602502301089,
            "Parietal": 0.1288745233856915,
            "Temporal": 0.10270611477836981,
            "Occipital": 0.1361121376184084
        },
        "Beta": {
            "Frontal": 0.24900236839397877,
            "Central": 0.2390331730634252,
            "Parietal": 0.21185717110285193,
            "Temporal": 0.3051335956508245,
            "Occipital": 0.21493485742342275
        },
        "Gamma": {
            "Frontal": 0.057078940202048054,
            "Central": 0.045343466847776764,
            "Parietal": 0.03399465099104211,
            "Temporal": 0.06238891506044229,
            "Occipital": 0.035709877244072055
        }
    },