{
    "Resting task": {
        "Delta": {
            "Frontal": 0.4211854885781658,
            "Central": 0.306608339279848,
            "Parietal": 0.33599576349815174,
            "Temporal": 0.4650031515444438,
            "Occipital": 0.31961496915064513
        },
        "Theta": {
            "Frontal": 0.1986910243307524,
            "Central": 0.20920036335653755,
            "Parietal": 0.19661988859606933,
            "Temporal": 0.18853946848591413,
            "Occipital": 0.1884072782749523
        },
        "Alpha": {
            "Frontal": 0.24464990331997055,
            "Central": 0.3054388913148845,
            "Parietal": 0.3032515316045701,
            "Temporal": 0.18814814451429185,
            "Occipital": 0.3423380318012965
        },
        "Beta": {
            "Frontal": 0.11991551603353803,
            "Central": 0.15851837741713487,
            "Parietal": 0.1474067122262619,
            "Temporal": 0.13627063604146822,
            "Occipital": 0.13464096316110138
        },
        "Gamma": {
            "Frontal": 0.015558067737573322,
            "Central": 0.020234028631595156,
            "Parietal": 0.01672610407494697,
            "Temporal": 0.022038599413881928,
            "Occipital": 0.014998757612004747
        }
    },
    "Counting task 1": {
        "Delta": {
            "Frontal": 0.5317963197973691,
            "Central": 0.5350271823560724,
            "Parietal": 0.5756960396457635,
            "Temporal": 0.6377464954298719,
            "Occipital": 0.47167603355078014
        },
        "Theta": {
            "Frontal": 0.22216116437894878,
            "Central": 0.1933135746692398,
            "Parietal": 0.17642848661045057,
            "Temporal": 0.1478603028966075,
            "Occipital": 0.22131273764317802
        },
        "Alpha": {
            "Frontal": 0.09679426551281602,
            "Central": 0.09040920927371379,
            "Parietal": 0.08302020724858886,
            "Temporal": 0.06402145840820206,
            "Occipital": 0.1344839723207938
        },
        "Beta": {
            "Frontal": 0.12071213227639825,
            "Central": 0.15416801858627197,
            "Parietal": 0.143154476867465,
            "Temporal": 0.12238357794082903,
            "Occipital": 0.14502045043484252
        },
        "Gamma": {
            "Frontal": 0.028536118034467935,
            "Central": 0.02708201511470218,
            "Parietal": 0.021700789627732017,
            "Temporal": 0.02798816532448939,
            "Occipital": 0.027506806050405563
        }
    },
    "Word formation task": {
        "Delta": {
            "Frontal": 0.5907044165639117,
            "Central": 0.5522034972703906,
            "Parietal": 0.5452230806743555,
            "Temporal": 0.6552287222133717,
            "Occipital": 0.4938987049066162
        },
        "Theta": {
            "Frontal": 0.17002273030701756,
            "Central": 0.15577403697950304,
            "Parietal": 0.15555214629378086,
            "Temporal": 0.09290881041066257,
            "Occipital": 0.17591782531447553
        },
        "Alpha": {
            "Frontal": 0.09632413738506998,
            "Central": 0.1013776361074878,
            "Parietal": 0.11612556539259056,
            "Temporal": 0.0643360621555989,
            "Occipital": 0.1462812162795613
        },
        "Beta": {
            "Frontal": 0.12329305681391013,
            "Central": 0.16686485689120037,
            "Parietal": 0.1643347166659237,
            "Temporal": 0.15841727018793222,
            "Occipital": 0.16792406108028124
        },
        "Gamma": {
            "Frontal": 0.019655658930090608,
            "Central": 0.02377997275141819,
            "Parietal": 0.01876449097334937,
            "Temporal": 0.029109135032434653,
            "Occipital": 0.01597819241906575
        }
    },
    "Counting task 2": {
        "Delta": {
            "Frontal": 0.5633769670030974,
            "Central": 0.4867023209763116,
            "Parietal": 0.5001891835325062,
            "Temporal": 0.64636633941097,
            "Occipital": 0.4881712221685861
        },
        "Theta": {
            "Frontal": 0.2062778089170352,
            "Central": 0.20679654830962987,
            "Parietal": 0.2160128623096476,
            "Temporal": 0.14321222073387865,
            "Occipital": 0.2161822042769575
        },
        "Alpha": {
            "Frontal": 0.10027594051954658,
            "Central": 0.12443673524915809,
            "Parietal": 0.12488518907859815,
            "Temporal": 0.06445914170143949,
            "Occipital": 0.15047637428896704
        },
        "Beta": {
            "Frontal": 0.11406371263549846,
            "Central": 0.16166851974195184,
            "Parietal": 0.14489304643643175,
            "Temporal": 0.12249203357214104,
            "Occipital": 0.13449637938052544
        },
        "Gamma": {
            "Frontal": 0.01600557092482235,
            "Central": 0.02039587572294866,
            "Parietal": 0.01401971864281645,
            "Temporal": 0.023470264581570772,
            "Occipital": 0.010673819884963888
        }
    },
    "Imaginary defecation task": {
        "Delta": {
            "Frontal": 0.44825265849758844,
            "Central": 0.3948410693376294,
            "Parietal": 0.4278170118061041,
            "Temporal": 0.5349868930697051,
            "Occipital": 0.494251405977863
        },
        "Theta": {
            "Frontal": 0.1849558012918164,
            "Central": 0.16085608257605796,
            "Parietal": 0.15439553211729967,
            "Temporal": 0.14120761787912897,
            "Occipital": 0.1420213311589053
        },
        "Alpha": {
            "Frontal": 0.1559649487579042,
            "Central": 0.16957416905483375,
            "Parietal": 0.20608554465103582,
            "Temporal": 0.11147557679596569,
            "Occipital": 0.25023354487150706
        },
        "Beta": {
            "Frontal": 0.19089982138926856,
            "Central": 0.25053715076483324,
            "Parietal": 0.19413102317006026,
            "Temporal": 0.18256736049205669,
            "Occipital": 0.10504200151804022
        },
        "Gamma": {
            "Frontal": 0.01992677006342236,
            "Central": 0.024191528266645633,
            "Parietal": 0.0175708882555001,
            "Temporal": 0.029762551763143474,
            "Occipital": 0.00845171647368435
        }
    },
    "Simulated defecation task": {
        "Delta": {
            "Frontal": 0.5346199458429736,
            "Central": 0.5013199975354174,
            "Parietal": 0.5056034485502579,
            "Temporal": 0.5614809678258804,
            "Occipital": 0.5303044337453867
        },
        "Theta": {
            "Frontal": 0.15045307368723068,
            "Central": 0.14351672083990372,
            "Parietal": 0.14607217902175715,
            "Temporal": 0.11476595524028625,
            "Occipital": 0.14031266782428933
        },
        "Alpha": {
            "Frontal": 0.1457097675360688,
            "Central": 0.14563595755780323,
            "Parietal": 0.14607601660298136,
            "Temporal": 0.11021487371495411,
            "Occipital": 0.16818029893423636
        },
        "Beta": {
            "Frontal": 0.14873169933611569,
            "Central": 0.1883426325073564,
            "Parietal": 0.18743649503354146,
            "Temporal": 0.18429450794431507,
            "Occipital": 0.15435442565337767
        },
        "Gamma": {
            "Frontal": 0.022306231861993066,
            "Central": 0.022932636558979022,
            "Parietal": 0.017492765791514306,
            "Temporal": 0.0320351621795977,
            "Occipital": 0.011549405029167441
        }
    },