{
    "Resting task": {
        "Delta": {
            "Frontal": 0.4678449491932755,
            "Central": 0.4534496385837682,
            "Parietal": 0.44317551754114515,
            "Temporal": 0.5322737790943504,
            "Occipital": 0.5142423793742987
        },
        "Theta": {
            "Frontal": 0.14653896953556136,
            "Central": 0.14849582948680745,
            "Parietal": 0.1346216668564889,
            "Temporal": 0.17143140991236747,
            "Occipital": 0.16859763135367453
        },
        "Alpha": {
            "Frontal": 0.21934030319502765,
            "Central": 0.24228736471506856,
            "Parietal": 0.2694554413594426,
            "Temporal": 0.18227902653014616,
            "Occipital": 0.1942312551637022
        },
        "Beta": {
            "Frontal": 0.15712281469897657,
            "Central": 0.14797874322085955,
            "Parietal": 0.14460049316126622,
            "Temporal": 0.10453344068508771,
            "Occipital": 0.11254531386822003
        },
        "Gamma": {
            "Frontal": 0.009152963377159033,
            "Central": 0.007788423993496164,
            "Parietal": 0.008146881081657098,
            "Temporal": 0.00948234377804829,
            "Occipital": 0.010383420240104371
        }
    },
    "Counting task 1": {
        "Delta": {
            "Frontal": 0.7382229584240443,
            "Central": 0.7531612578917742,
            "Parietal": 0.7870476909816487,
            "Temporal": 0.8218476285352965,
            "Occipital": 0.766029592580173
        },
        "Theta": {
            "Frontal": 0.12979590772685418,
            "Central": 0.12545481401925934,
            "Parietal": 0.102080738234514,
            "Temporal": 0.09332580067458857,
            "Occipital": 0.11245829885880443
        },
        "Alpha": {
            "Frontal": 0.05725774533979746,
            "Central": 0.053833349644538224,
            "Parietal": 0.05176308847495993,
            "Temporal": 0.03537844451783374,
            "Occipital": 0.06031069645025902
        },
        "Beta": {
            "Frontal": 0.06819688376673974,
            "Central": 0.061760291123214635,
            "Parietal": 0.05383308327769594,
            "Temporal": 0.0428036144055912,
            "Occipital": 0.05352235946179123
        },
        "Gamma": {
            "Frontal": 0.006526504742564257,
            "Central": 0.005790287321213636,
            "Parietal": 0.005275399031181422,
            "Temporal": 0.006644511866689966,
            "Occipital": 0.00767905264897214
        }
    },
    "Word formation task": {
        "Delta": {
            "Frontal": 0.7379190356274152,
            "Central": 0.719321372187425,
            "Parietal": 0.6813564824671237,
            "Temporal": 0.8158146181425806,
            "Occipital": 0.7174162969107207
        },
        "Theta": {
            "Frontal": 0.12683753969191863,
            "Central": 0.13204588773630138,
            "Parietal": 0.1584835198363203,
            "Temporal": 0.10212315590179413,
            "Occipital": 0.14855750319033179
        },
        "Alpha": {
            "Frontal": 0.06421813214822744,
            "Central": 0.0750173613275452,
            "Parietal": 0.08098005414601872,
            "Temporal": 0.038963210526222244,
            "Occipital": 0.06064633868480972
        },
        "Beta": {
            "Frontal": 0.0626209914289133,
            "Central": 0.06503628999907189,
            "Parietal": 0.06961712934035477,
            "Temporal": 0.035848058412576406,
            "Occipital": 0.06322871783766544
        },
        "Gamma": {
            "Frontal": 0.008404301103525344,
            "Central": 0.008579088749656546,
            "Parietal": 0.009562814210182539,
            "Temporal": 0.00725095701682657,
            "Occipital": 0.010151143376472205
        }
    },
    "Counting task 2": {
        "Delta": {
            "Frontal": 0.7870162770155527,
            "Central": 0.743467810487436,
            "Parietal": 0.7752138784660032,
            "Temporal": 0.878826170635097,
            "Occipital": 0.8197361044140866
        },
        "Theta": {
            "Frontal": 0.08961248416347543,
            "Central": 0.11562950804211748,
            "Parietal": 0.0961802388898491,
            "Temporal": 0.06387649548418985,
            "Occipital": 0.07985265783478798
        },
        "Alpha": {
            "Frontal": 0.05005514162394099,
            "Central": 0.06158186633912483,
            "Parietal": 0.06163920703226067,
            "Temporal": 0.02481707638357087,
            "Occipital": 0.048748328874837814
        },
        "Beta": {
            "Frontal": 0.0671063508010363,
            "Central": 0.0712356706555297,
            "Parietal": 0.05965737620257547,
            "Temporal": 0.027259657931068226,
            "Occipital": 0.04324392748520059
        },
        "Gamma": {
            "Frontal": 0.006209746395994677,
            "Central": 0.008085144475791992,
            "Parietal": 0.00730929940931167,
            "Temporal": 0.005220599566073949,
            "Occipital": 0.008418981391086919
        }
    },
    "Imaginary defecation task": {
        "Delta": {
            "Frontal": 0.594459680844702,
            "Central": 0.5409947641749396,
            "Parietal": 0.5550401301467088,
            "Temporal": 0.7096632444699317,
            "Occipital": 0.5716155760982363
        },
        "Theta": {
            "Frontal": 0.15714968993473924,
            "Central": 0.17847782530688644,
            "Parietal": 0.1474810002162914,
            "Temporal": 0.11359135516739309,
            "Occipital": 0.1428658258975076
        },
        "Alpha": {
            "Frontal": 0.0891564057933009,
            "Central": 0.11045076605645418,
            "Parietal": 0.13423832308360079,
            "Temporal": 0.07333893482875323,
            "Occipital": 0.12552461983629148
        },
        "Beta": {
            "Frontal": 0.14686014163388944,
            "Central": 0.1480835851364488,
            "Parietal": 0.1454950933660301,
            "Temporal": 0.0886133052830768,
            "Occipital": 0.1263850212963546
        },
        "Gamma": {
            "Frontal": 0.012374081793368427,
            "Central": 0.02199305932527087,
            "Parietal": 0.017745453187368945,
            "Temporal": 0.014793160250845252,
            "Occipital": 0.03360895687160992
        }
    },
    "Simulated defecation task": {
        "Delta": {
            "Frontal": 0.6113034169507975,
            "Central": 0.5894013749891812,
            "Parietal": 0.5492313081640956,
            "Temporal": 0.6523710627801822,
            "Occipital": 0.6035887907158972
        },
        "Theta": {
            "Frontal": 0.18940910714835213,
            "Central": 0.1937118284720292,
            "Parietal": 0.20373717307648312,
            "Temporal": 0.17475116401141713,
            "Occipital": 0.18750614914778807
        },
        "Alpha": {
            "Frontal": 0.09545829468006214,
            "Central": 0.11022943957225886,
            "Parietal": 0.13121465118007516,
            "Temporal": 0.08502986771709733,
            "Occipital": 0.10759040165217879
        },
        "Beta": {
            "Frontal": 0.09564907253377566,
            "Central": 0.09656235608060423,
            "Parietal": 0.10487090142402575,
            "Temporal": 0.0768429536378776,
            "Occipital": 0.08795828086507387
        },
        "Gamma": {
            "Frontal": 0.008180108687012471,
            "Central": 0.01009500088592646,
            "Parietal": 0.010945966155320296,
            "Temporal": 0.011004951853425704,
            "Occipital": 0.013356377619062032
        }
    },