{
    "Resting task": {
        "Delta": {
            "Frontal": 0.5738306046688626,
            "Central": 0.6082394203072032,
            "Parietal": 0.5895107535571107,
            "Temporal": 0.5774408940868268,
            "Occipital": 0.5500942802600924
        },
        "Theta": {
            "Frontal": 0.2223569633412247,
            "Central": 0.20731825080044847,
            "Parietal": 0.22403870482173485,
            "Temporal": 0.23019249311339407,
            "Occipital": 0.2343154284446461
        },
        "Alpha": {
            "Frontal": 0.08799369850414152,
            "Central": 0.08884680582941976,
            "Parietal": 0.08717516671280492,
            "Temporal": 0.0775074732534908,
            "Occipital": 0.10645134177678228
        },
        "Beta": {
            "Frontal": 0.09267996699735666,
            "Central": 0.0772740725638662,
            "Parietal": 0.0804407290943421,
            "Temporal": 0.09028963268418562,
            "Occipital": 0.08824557502908212
        },
        "Gamma": {
            "Frontal": 0.023138766488414706,
            "Central": 0.018321450499062347,
            "Parietal": 0.018834645814007504,
            "Temporal": 0.024569506862102845,
            "Occipital": 0.020893374489396987
        }
    },
    "Counting task 1": {
        "Delta": {
            "Frontal": 0.39937081417806314,
            "Central": 0.4866732299385869,
            "Parietal": 0.4597273158869224,
            "Temporal": 0.3967262662758789,
            "Occipital": 0.4807535601737151
        },
        "Theta": {
            "Frontal": 0.22639822855059843,
            "Central": 0.1898675318723694,
            "Parietal": 0.22501517874986793,
            "Temporal": 0.23685795704837131,
            "Occipital": 0.22472753853786548
        },
        "Alpha": {
            "Frontal": 0.18774663782564924,
            "Central": 0.15668622080296843,
            "Parietal": 0.16259336722736029,
            "Temporal": 0.20204524504892393,
            "Occipital": 0.1646159841739162
        },
        "Beta": {
            "Frontal": 0.14834412593076632,
            "Central": 0.13365648584195533,
            "Parietal": 0.12204818775491295,
            "Temporal": 0.12459416244583357,
            "Occipital": 0.10180022273021598
        },
        "Gamma": {
            "Frontal": 0.03814019351492297,
            "Central": 0.03311653154411996,
            "Parietal": 0.030615950380936528,
            "Temporal": 0.03977636918099237,
            "Occipital": 0.028102694384287273
        }
    },
    "Word formation task": {
        "Delta": {
            "Frontal": 0.629728150303088,
            "Central": 0.6937850022728513,
            "Parietal": 0.6522806997537379,
            "Temporal": 0.6199547200707686,
            "Occipital": 0.6374580882149317
        },
        "Theta": {
            "Frontal": 0.16590918958824455,
            "Central": 0.17802543468790902,
            "Parietal": 0.18596704726730134,
            "Temporal": 0.18749173125046847,
            "Occipital": 0.1955789382215649
        },
        "Alpha": {
            "Frontal": 0.09516525706383581,
            "Central": 0.06673524874403244,
            "Parietal": 0.0784980682294095,
            "Temporal": 0.08411502864769167,
            "Occipital": 0.07654816781487345
        },
        "Beta": {
            "Frontal": 0.08699119404872742,
            "Central": 0.049037217396237946,
            "Parietal": 0.06630240321057147,
            "Temporal": 0.08181303526018606,
            "Occipital": 0.07408264177060515
        },
        "Gamma": {
            "Frontal": 0.022206208996104357,
            "Central": 0.012417096898969467,
            "Parietal": 0.016951781538979735,
            "Temporal": 0.02662548477088515,
            "Occipital": 0.016332163978024773
        }
    },
    "Counting task 2": {
        "Delta": {
            "Frontal": 0.5856117486789305,
            "Central": 0.5722144364550884,
            "Parietal": 0.5872625122199602,
            "Temporal": 0.628089547896918,
            "Occipital": 0.5942919178943145
        },
        "Theta": {
            "Frontal": 0.1547156047793861,
            "Central": 0.17743321300742293,
            "Parietal": 0.18441821376899487,
            "Temporal": 0.1575665270902437,
            "Occipital": 0.17475496624232686
        },
        "Alpha": {
            "Frontal": 0.08211622633626359,
            "Central": 0.09182227676081525,
            "Parietal": 0.08520563511197209,
            "Temporal": 0.06281654395392093,
            "Occipital": 0.08595840508920854
        },
        "Beta": {
            "Frontal": 0.15130563472870567,
            "Central": 0.13423202955473693,
            "Parietal": 0.1227093852212075,
            "Temporal": 0.1258012610226201,
            "Occipital": 0.12192791938594968
        },
        "Gamma": {
            "Frontal": 0.026250785476714052,
            "Central": 0.02429804422193657,
            "Parietal": 0.020404253677865344,
            "Temporal": 0.025726120036297186,
            "Occipital": 0.023066791388200336
        }
    },
    "Imaginary defecation task": {
        "Delta": {
            "Frontal": 0.5508140050058123,
            "Central": 0.5319083685244066,
            "Parietal": 0.48548154640396973,
            "Temporal": 0.6185359955294464,
            "Occipital": 0.4134950391630436
        },
        "Theta": {
            "Frontal": 0.2003817152044632,
            "Central": 0.21070324093134066,
            "Parietal": 0.20748685665684874,
            "Temporal": 0.14618473060542064,
            "Occipital": 0.18341834127231657
        },
        "Alpha": {
            "Frontal": 0.1543823673481622,
            "Central": 0.1768404118200872,
            "Parietal": 0.2203144373670427,
            "Temporal": 0.1240543859847858,
            "Occipital": 0.3104345682083548
        },
        "Beta": {
            "Frontal": 0.08118332680947825,
            "Central": 0.070861388779992,
            "Parietal": 0.07615656213102234,
            "Temporal": 0.09290331856861384,
            "Occipital": 0.08214032461573127
        },
        "Gamma": {
            "Frontal": 0.013238585632083943,
            "Central": 0.00968658994417359,
            "Parietal": 0.010560597441116534,
            "Temporal": 0.018321569311733173,
            "Occipital": 0.010511726740553654
        }
    },
    "Simulated defecation task": {
        "Delta": {
            "Frontal": 0.5610408527144605,
            "Central": 0.5633074291138943,
            "Parietal": 0.5372494945973734,
            "Temporal": 0.6880318284917806,
            "Occipital": 0.43615877153946325
        },
        "Theta": {
            "Frontal": 0.2231674097935664,
            "Central": 0.23802722255478162,
            "Parietal": 0.24215084553578597,
            "Temporal": 0.1446315091046402,
            "Occipital": 0.21268237882897056
        },
        "Alpha": {
            "Frontal": 0.11152577434020663,
            "Central": 0.11655707666729238,
            "Parietal": 0.13915964019459973,
            "Temporal": 0.07840028115802533,
            "Occipital": 0.25265952932326696
        },
        "Beta": {
            "Frontal": 0.08499590620653188,
            "Central": 0.06931411878720616,
            "Parietal": 0.06790059534255659,
            "Temporal": 0.07138839007863002,
            "Occipital": 0.08202426605066664
        },
        "Gamma": {
            "Frontal": 0.01927005694523459,
            "Central": 0.012794152876825603,
            "Parietal": 0.013539424329684274,
            "Temporal": 0.017547991166923925,
            "Occipital": 0.01647505425763246
        }
    },