{
    "Resting task": {
        "Delta": {
            "Frontal": 0.5853763115470615,
            "Central": 0.4737124857246722,
            "Parietal": 0.46500299848356347,
            "Temporal": 0.5962818619680951,
            "Occipital": 0.5368846138777763
        },
        "Theta": {
            "Frontal": 0.1786644079658596,
            "Central": 0.2201282672427225,
            "Parietal": 0.21670566611309316,
            "Temporal": 0.1582873922759235,
            "Occipital": 0.18628180138083303
        },
        "Alpha": {
            "Frontal": 0.09676653633948594,
            "Central": 0.12618362799752317,
            "Parietal": 0.13123053065762214,
            "Temporal": 0.086166524472044,
            "Occipital": 0.11810126493018352
        },
        "Beta": {
            "Frontal": 0.113364166874428,
            "Central": 0.14547453524283344,
            "Parietal": 0.1532005984360416,
            "Temporal": 0.127873626110647,
            "Occipital": 0.1348968915228413
        },
        "Gamma": {
            "Frontal": 0.02582857727316473,
            "Central": 0.03450108379224871,
            "Parietal": 0.033860206309679626,
            "Temporal": 0.031390595173290556,
            "Occipital": 0.023835428288365816
        }
    },
    "Counting task 1": {
        "Delta": {
            "Frontal": 0.5850987119248867,
            "Central": 0.5595638937538312,
            "Parietal": 0.47946689911422224,
            "Temporal": 0.6464539462839404,
            "Occipital": 0.5870681488124241
        },
        "Theta": {
            "Frontal": 0.21707451551742185,
            "Central": 0.22831272786716475,
            "Parietal": 0.24522068463827362,
            "Temporal": 0.1874110544194507,
            "Occipital": 0.19016838717182416
        },
        "Alpha": {
            "Frontal": 0.09553155271046805,
            "Central": 0.10425295649501577,
            "Parietal": 0.12194633722302559,
            "Temporal": 0.07987658077586075,
            "Occipital": 0.09569683390460262
        },
        "Beta": {
            "Frontal": 0.08530508867193853,
            "Central": 0.0899435796333333,
            "Parietal": 0.1250488194408453,
            "Temporal": 0.06888504060481761,
            "Occipital": 0.10212094329588035
        },
        "Gamma": {
            "Frontal": 0.01699013117528495,
            "Central": 0.017926842250654978,
            "Parietal": 0.0283172595836332,
            "Temporal": 0.017373377915930587,
            "Occipital": 0.02494568681526886
        }
    },
    "Word formation task": {
        "Delta": {
            "Frontal": 0.7381570777106469,
            "Central": 0.6585487875163466,
            "Parietal": 0.618884921091237,
            "Temporal": 0.798298689738149,
            "Occipital": 0.7626250490831761
        },
        "Theta": {
            "Frontal": 0.12959014586569045,
            "Central": 0.16125111607921003,
            "Parietal": 0.166902834092176,
            "Temporal": 0.07919555671576195,
            "Occipital": 0.10716799593724985
        },
        "Alpha": {
            "Frontal": 0.05082341085937364,
            "Central": 0.0657724800839195,
            "Parietal": 0.08097899609419916,
            "Temporal": 0.038364988071012164,
            "Occipital": 0.05428388425982552
        },
        "Beta": {
            "Frontal": 0.06634673980965884,
            "Central": 0.09252773395609992,
            "Parietal": 0.11030178479773414,
            "Temporal": 0.06541941266147758,
            "Occipital": 0.06268564596495121
        },
        "Gamma": {
            "Frontal": 0.015082625754630234,
            "Central": 0.021899882364424028,
            "Parietal": 0.022931463924653825,
            "Temporal": 0.018721352813599275,
            "Occipital": 0.01323742475479741
        }
    },
    "Counting task 2": {
        "Delta": {
            "Frontal": 0.6535242460840122,
            "Central": 0.6248758209710663,
            "Parietal": 0.5463862752381146,
            "Temporal": 0.6887695673245021,
            "Occipital": 0.6811063538301403
        },
        "Theta": {
            "Frontal": 0.1446552831390361,
            "Central": 0.16489231148186945,
            "Parietal": 0.18089365213370479,
            "Temporal": 0.09888669248648022,
            "Occipital": 0.1307412503005581
        },
        "Alpha": {
            "Frontal": 0.07963434540883926,
            "Central": 0.08562852782913156,
            "Parietal": 0.10366145899821277,
            "Temporal": 0.06059482788325334,
            "Occipital": 0.07860945307724565
        },
        "Beta": {
            "Frontal": 0.10254303352542211,
            "Central": 0.10415209111334997,
            "Parietal": 0.14344076657995658,
            "Temporal": 0.12358723417240569,
            "Occipital": 0.09651927646599975
        },
        "Gamma": {
            "Frontal": 0.019643091842690367,
            "Central": 0.02045124860458284,
            "Parietal": 0.02561784705001128,
            "Temporal": 0.02816167813335848,
            "Occipital": 0.013023666326056131
        }
    },
    "Imaginary defecation task": {
        "Delta": {
            "Frontal": 0.5517601374720548,
            "Central": 0.5310248587867817,
            "Parietal": 0.48894622460809933,
            "Temporal": 0.5129898531141305,
            "Occipital": 0.49519153006960837
        },
        "Theta": {
            "Frontal": 0.2095292222239573,
            "Central": 0.21510112402578146,
            "Parietal": 0.22027541954926155,
            "Temporal": 0.17564452419638216,
            "Occipital": 0.19521755644606958
        },
        "Alpha": {
            "Frontal": 0.10535607211812921,
            "Central": 0.11601457875296338,
            "Parietal": 0.13093465325714332,
            "Temporal": 0.10584461850487888,
            "Occipital": 0.14762975276970353
        },
        "Beta": {
            "Frontal": 0.12018725902372418,
            "Central": 0.12452962514256453,
            "Parietal": 0.14774892150349084,
            "Temporal": 0.17635762554293433,
            "Occipital": 0.15361412196262605
        },
        "Gamma": {
            "Frontal": 0.01316730916213436,
            "Central": 0.013329813291908682,
            "Parietal": 0.012094781082004968,
            "Temporal": 0.02916337864167402,
            "Occipital": 0.008347038751992556
        }
    },
    "Simulated defecation task": {
        "Delta": {
            "Frontal": 0.6220332573479956,
            "Central": 0.6006688476345063,
            "Parietal": 0.5958628058568323,
            "Temporal": 0.6124888747223607,
            "Occipital": 0.6303121001812177
        },
        "Theta": {
            "Frontal": 0.1498914213280098,
            "Central": 0.1615263881802829,
            "Parietal": 0.15448812753852853,
            "Temporal": 0.1300462594037867,
            "Occipital": 0.12823517137425042
        },
        "Alpha": {
            "Frontal": 0.09322825410286062,
            "Central": 0.09807655886998638,
            "Parietal": 0.11026069220823084,
            "Temporal": 0.0968704296760307,
            "Occipital": 0.10614584386049572
        },
        "Beta": {
            "Frontal": 0.12461636475288318,
            "Central": 0.126236073842055,
            "Parietal": 0.1280640652366544,
            "Temporal": 0.13925046247681966,
            "Occipital": 0.12249985207466436
        },
        "Gamma": {
            "Frontal": 0.010230702468250728,
            "Central": 0.013492131473169394,
            "Parietal": 0.011324309159754072,
            "Temporal": 0.021343973721002222,
            "Occipital": 0.01280703250937166
        }
    },