{
    "Resting task": {
        "Delta": {
            "Frontal": 0.31581143323395855,
            "Central": 0.17196234317275888,
            "Parietal": 0.3313638282482892,
            "Temporal": 0.23845314529197337,
            "Occipital": 0.262638208805188
        },
        "Theta": {
            "Frontal": 0.1262868126266236,
            "Central": 0.18960187349238297,
            "Parietal": 0.20057948539405732,
            "Temporal": 0.16710455010076114,
            "Occipital": 0.13591279064523284
        },
        "Alpha": {
            "Frontal": 0.15904518444615776,
            "Central": 0.15156689430298503,
            "Parietal": 0.08529261905783453,
            "Temporal": 0.09174317348624547,
            "Occipital": 0.19440894222875915
        },
        "Beta": {
            "Frontal": 0.29419604483907064,
            "Central": 0.3338142411435067,
            "Parietal": 0.23094485240843207,
            "Temporal": 0.3823668678721873,
            "Occipital": 0.22739698742650363
        },
        "Gamma": {
            "Frontal": 0.1046605248541894,
            "Central": 0.1530546478883664,
            "Parietal": 0.15181921489138694,
            "Temporal": 0.12033226324883266,
            "Occipital": 0.17964307089431636
        }
    },
    "Counting task 1": {
        "Delta": {
            "Frontal": 0.5455586031324097,
            "Central": 0.4170577269954204,
            "Parietal": 0.489314360226498,
            "Temporal": 0.43566270492577563,
            "Occipital": 0.44301021181688827
        },
        "Theta": {
            "Frontal": 0.1881299110361017,
            "Central": 0.26860500558416855,
            "Parietal": 0.2631618623427881,
            "Temporal": 0.22422001100793656,
            "Occipital": 0.26853371345173266
        },
        "Alpha": {
            "Frontal": 0.10054683560761409,
            "Central": 0.13634318748004157,
            "Parietal": 0.09650542272234272,
            "Temporal": 0.13580807398911138,
            "Occipital": 0.11211860390014983
        },
        "Beta": {
            "Frontal": 0.12912266268184175,
            "Central": 0.14336978505841852,
            "Parietal": 0.12086043427584345,
            "Temporal": 0.16057626767109529,
            "Occipital": 0.1387110366618957
        },
        "Gamma": {
            "Frontal": 0.03664198754203283,
            "Central": 0.034624294881951,
            "Parietal": 0.030157920432527702,
            "Temporal": 0.043732942406081096,
            "Occipital": 0.037626434169333596
        }
    },
    "Word formation task": {
        "Delta": {
            "Frontal": 0.5558593585287245,
            "Central": 0.4867511414274764,
            "Parietal": 0.48857764872123377,
            "Temporal": 0.5058696868737138,
            "Occipital": 0.48311226145421904
        },
        "Theta": {
            "Frontal": 0.20140250155754125,
            "Central": 0.2371150140972594,
            "Parietal": 0.24972159507967762,
            "Temporal": 0.19194710927171799,
            "Occipital": 0.19677924009656694
        },
        "Alpha": {
            "Frontal": 0.11979419474126236,
            "Central": 0.1250115350454501,
            "Parietal": 0.10564285001165492,
            "Temporal": 0.09164637268429406,
            "Occipital": 0.11908722919015928
        },
        "Beta": {
            "Frontal": 0.10019236541769055,
            "Central": 0.12063672388493461,
            "Parietal": 0.1236486960291104,
            "Temporal": 0.15959537788942812,
            "Occipital": 0.16429458970619404
        },
        "Gamma": {
            "Frontal": 0.022751579754781343,
            "Central": 0.030485585544879523,
            "Parietal": 0.03240921015832334,
            "Temporal": 0.05094145328084598,
            "Occipital": 0.03672667955286068
        }
    },
    "Counting task 2": {
        "Delta": {
            "Frontal": 0.5856608246611964,
            "Central": 0.49315431357813233,
            "Parietal": 0.48625006050476005,
            "Temporal": 0.5761868069824574,
            "Occipital": 0.523550877389801
        },
        "Theta": {
            "Frontal": 0.19769838776078674,
            "Central": 0.22696968786171112,
            "Parietal": 0.24166406080352892,
            "Temporal": 0.18903515449977426,
            "Occipital": 0.21955871594639498
        },
        "Alpha": {
            "Frontal": 0.10950001682934181,
            "Central": 0.14780047688490688,
            "Parietal": 0.13575063151732397,
            "Temporal": 0.09444601624544305,
            "Occipital": 0.12262176654175484
        },
        "Beta": {
            "Frontal": 0.09173475279078003,
            "Central": 0.11154803050659341,
            "Parietal": 0.11376709951664007,
            "Temporal": 0.1182284788687908,
            "Occipital": 0.10929117413848835
        },
        "Gamma": {
            "Frontal": 0.015406017957894837,
            "Central": 0.0205274911686563,
            "Parietal": 0.02256814765774701,
            "Temporal": 0.022103543403534563,
            "Occipital": 0.02497746598356078
        }
    },
    "Imaginary defecation task": {
        "Delta": {
            "Frontal": 0.7411706183508444,
            "Central": 0.6516945352924981,
            "Parietal": 0.5909441313710837,
            "Temporal": 0.583417240760388,
            "Occipital": 0.5628213591946154
        },
        "Theta": {
            "Frontal": 0.1743646267476439,
            "Central": 0.1815803428905414,
            "Parietal": 0.20565882486755996,
            "Temporal": 0.16207904409288793,
            "Occipital": 0.20861700667126673
        },
        "Alpha": {
            "Frontal": 0.04581507871951119,
            "Central": 0.07248585925378352,
            "Parietal": 0.08561517121723453,
            "Temporal": 0.06989091842416686,
            "Occipital": 0.11485037769604967
        },
        "Beta": {
            "Frontal": 0.03330377030501619,
            "Central": 0.08161490141583364,
            "Parietal": 0.10035053855325114,
            "Temporal": 0.1590053806808187,
            "Occipital": 0.09146753640614201
        },
        "Gamma": {
            "Frontal": 0.005345905876984329,
            "Central": 0.012624361147343537,
            "Parietal": 0.017431333990870736,
            "Temporal": 0.025607416041738496,
            "Occipital": 0.02224372003192618
        }
    },
    "Simulated defecation task": {
        "Delta": {
            "Frontal": 0.6950377443630008,
            "Central": 0.6264714904322639,
            "Parietal": 0.5845023820450415,
            "Temporal": 0.6289634583070295,
            "Occipital": 0.5271650941620324
        },
        "Theta": {
            "Frontal": 0.20208515443059455,
            "Central": 0.1954017307885176,
            "Parietal": 0.22386949524895028,
            "Temporal": 0.17594196284502395,
            "Occipital": 0.17457268645295193
        },
        "Alpha": {
            "Frontal": 0.05189071765023646,
            "Central": 0.08265524512086517,
            "Parietal": 0.08553914721100438,
            "Temporal": 0.06234702182348385,
            "Occipital": 0.12491698280372905
        },
        "Beta": {
            "Frontal": 0.04232308390515337,
            "Central": 0.08358535674993099,
            "Parietal": 0.09332672286612216,
            "Temporal": 0.11526275423673953,
            "Occipital": 0.14873868324071593
        },
        "Gamma": {
            "Frontal": 0.008663299651014705,
            "Central": 0.011886176908422294,
            "Parietal": 0.01276225262888181,
            "Temporal": 0.017484802787723106,
            "Occipital": 0.02460655334057072
        }
    },