{
    "Resting task": {
        "Delta": {
            "Frontal": 0.34598223874149153,
            "Central": 0.29179399950528945,
            "Parietal": 0.23624259769441297,
            "Temporal": 0.381967838758246,
            "Occipital": 0.2214641194514242
        },
        "Theta": {
            "Frontal": 0.25338370492783224,
            "Central": 0.256570778150115,
            "Parietal": 0.21118656171544622,
            "Temporal": 0.20791813541860932,
            "Occipital": 0.1541925804520673
        },
        "Alpha": {
            "Frontal": 0.2533400740478509,
            "Central": 0.28292339212762013,
            "Parietal": 0.36097260509753626,
            "Temporal": 0.22991461856012557,
            "Occipital": 0.4317517677271815
        },
        "Beta": {
            "Frontal": 0.12955436574815454,
            "Central": 0.15118459703810275,
            "Parietal": 0.17208377360959812,
            "Temporal": 0.15324904291963062,
            "Occipital": 0.1731601635541696
        },
        "Gamma": {
            "Frontal": 0.017739616534670773,
            "Central": 0.017527233178872566,
            "Parietal": 0.019514461883006463,
            "Temporal": 0.0269503643433885,
            "Occipital": 0.01943136881515753
        }
    },
    "Counting task 1": {
        "Delta": {
            "Frontal": 0.6284297202890342,
            "Central": 0.5756329861267654,
            "Parietal": 0.5568980092194703,
            "Temporal": 0.5069241907634365,
            "Occipital": 0.5206549429775232
        },
        "Theta": {
            "Frontal": 0.1807135825271238,
            "Central": 0.18128282855058245,
            "Parietal": 0.1839267534313571,
            "Temporal": 0.12078710755098702,
            "Occipital": 0.19167670299700912
        },
        "Alpha": {
            "Frontal": 0.08362553133272377,
            "Central": 0.11115143850178907,
            "Parietal": 0.12970330532274113,
            "Temporal": 0.07687528583654969,
            "Occipital": 0.12600957591258238
        },
        "Beta": {
            "Frontal": 0.08208862594972807,
            "Central": 0.10299922716369102,
            "Parietal": 0.10396631878719226,
            "Temporal": 0.20342894042914583,
            "Occipital": 0.12564760580835183
        },
        "Gamma": {
            "Frontal": 0.025142539901390176,
            "Central": 0.028933519657172092,
            "Parietal": 0.025505613239239174,
            "Temporal": 0.09198447541988089,
            "Occipital": 0.03601117230453347
        }
    },
    "Word formation task": {
        "Delta": {
            "Frontal": 0.6159394456947692,
            "Central": 0.4417037665661566,
            "Parietal": 0.4860412579813407,
            "Temporal": 0.4118829096754162,
            "Occipital": 0.4540440931721428
        },
        "Theta": {
            "Frontal": 0.17075800361462032,
            "Central": 0.17952814993601937,
            "Parietal": 0.16489014183807651,
            "Temporal": 0.08139218158675667,
            "Occipital": 0.15675925677269814
        },
        "Alpha": {
            "Frontal": 0.06945412713914471,
            "Central": 0.1184263191668952,
            "Parietal": 0.13318437417219112,
            "Temporal": 0.05833394912389763,
            "Occipital": 0.13671017253861753
        },
        "Beta": {
            "Frontal": 0.10160931539351688,
            "Central": 0.18507894008106382,
            "Parietal": 0.16295702951685725,
            "Temporal": 0.2867859763363523,
            "Occipital": 0.19864261739006533
        },
        "Gamma": {
            "Frontal": 0.04223910815794883,
            "Central": 0.0752628242498651,
            "Parietal": 0.05292719649153446,
            "Temporal": 0.16160498327757725,
            "Occipital": 0.05384386012647621
        }
    },
    "Counting task 2": {
        "Delta": {
            "Frontal": 0.6595305875266311,
            "Central": 0.5834300230509076,
            "Parietal": 0.5558459757257308,
            "Temporal": 0.49272004411612713,
            "Occipital": 0.5659952992274557
        },
        "Theta": {
            "Frontal": 0.15923854713431934,
            "Central": 0.15072697482918748,
            "Parietal": 0.15962894982334846,
            "Temporal": 0.09554889967571689,
            "Occipital": 0.1379899751955206
        },
        "Alpha": {
            "Frontal": 0.07376162832900175,
            "Central": 0.11124485190320114,
            "Parietal": 0.14343816435885853,
            "Temporal": 0.0610810743845166,
            "Occipital": 0.13526825763204398
        },
        "Beta": {
            "Frontal": 0.08858469011246997,
            "Central": 0.12874466172047475,
            "Parietal": 0.12060644414684407,
            "Temporal": 0.27541799649485826,
            "Occipital": 0.13419410931008147
        },
        "Gamma": {
            "Frontal": 0.01888454689757801,
            "Central": 0.025853488496229083,
            "Parietal": 0.020480465945218133,
            "Temporal": 0.07523198532878136,
            "Occipital": 0.02655235863489842
        }
    },
    "Imaginary defecation task": {
        "Delta": {
            "Frontal": 0.5596498352400491,
            "Central": 0.39575081975051957,
            "Parietal": 0.4233569896127123,
            "Temporal": 0.26949657910647945,
            "Occipital": 0.4388231812361133
        },
        "Theta": {
            "Frontal": 0.15535220784450363,
            "Central": 0.1721789102875446,
            "Parietal": 0.1576752211376784,
            "Temporal": 0.07435079166465937,
            "Occipital": 0.13270706428370463
        },
        "Alpha": {
            "Frontal": 0.12263096782649927,
            "Central": 0.21483753079734202,
            "Parietal": 0.2531788029544424,
            "Temporal": 0.1026211696741803,
            "Occipital": 0.2508983562226188
        },
        "Beta": {
            "Frontal": 0.13301751895456873,
            "Central": 0.18196877659704397,
            "Parietal": 0.14466271372565587,
            "Temporal": 0.41661882555296403,
            "Occipital": 0.15079697434233852
        },
        "Gamma": {
            "Frontal": 0.029349470134379246,
            "Central": 0.035263962567549746,
            "Parietal": 0.021126272569511013,
            "Temporal": 0.1369126340017169,
            "Occipital": 0.0267744239152248
        }
    },
    "Simulated defecation task": {
        "Delta": {
            "Frontal": 0.6012790056990072,
            "Central": 0.48844092820555135,
            "Parietal": 0.5372467448420057,
            "Temporal": 0.4447535631773591,
            "Occipital": 0.5312993113287082
        },
        "Theta": {
            "Frontal": 0.1972601590676302,
            "Central": 0.21794398704270407,
            "Parietal": 0.16670317840692828,
            "Temporal": 0.10243910322026069,
            "Occipital": 0.16256019174570333
        },
        "Alpha": {
            "Frontal": 0.08575946673501508,
            "Central": 0.14463077543112587,
            "Parietal": 0.16712621316569898,
            "Temporal": 0.07497096786625168,
            "Occipital": 0.1499381328570923
        },
        "Beta": {
            "Frontal": 0.0977322646982445,
            "Central": 0.12951478434545796,
            "Parietal": 0.11372815907368927,
            "Temporal": 0.3050279577847301,
            "Occipital": 0.13323960078142044
        },
        "Gamma": {
            "Frontal": 0.017969103800102967,
            "Central": 0.019469524975160826,
            "Parietal": 0.015195704511677812,
            "Temporal": 0.0728084079513984,
            "Occipital": 0.02296276328707572
        }
    },