{
    "Resting task": {
        "Delta": {
            "Frontal": 0.31690038587177427,
            "Central": 0.2459662901681471,
            "Parietal": 0.23990166248845674,
            "Temporal": 0.2672196909997357,
            "Occipital": 0.17703879579300622
        },
        "Theta": {
            "Frontal": 0.17302916100096405,
            "Central": 0.21190278398226367,
            "Parietal": 0.21247776063528795,
            "Temporal": 0.21949724740489523,
            "Occipital": 0.21928563638545345
        },
        "Alpha": {
            "Frontal": 0.20805298988321522,
            "Central": 0.18190599545312897,
            "Parietal": 0.20579093125132114,
            "Temporal": 0.16813696855744328,
            "Occipital": 0.2551363341635104
        },
        "Beta": {
            "Frontal": 0.23801576784675033,
            "Central": 0.2932572679419681,
            "Parietal": 0.2830465832764997,
            "Temporal": 0.27726135977478084,
            "Occipital": 0.2663151600523159
        },
        "Gamma": {
            "Frontal": 0.06400169539729603,
            "Central": 0.06696766245449214,
            "Parietal": 0.058783062348434556,
            "Temporal": 0.067884733263145,
            "Occipital": 0.08222407360571399
        }
    },
    "Counting task 1": {
        "Delta": {
            "Frontal": 0.4437932570638726,
            "Central": 0.5891541099142741,
            "Parietal": 0.605056517556606,
            "Temporal": 0.6509150775280077,
            "Occipital": 0.5769482986768169
        },
        "Theta": {
            "Frontal": 0.2374607980776806,
            "Central": 0.15714167440177748,
            "Parietal": 0.1740122963782441,
            "Temporal": 0.14016252697765905,
            "Occipital": 0.11880925185095548
        },
        "Alpha": {
            "Frontal": 0.1397306695929343,
            "Central": 0.0974537359752055,
            "Parietal": 0.08791296400490264,
            "Temporal": 0.07406816381876466,
            "Occipital": 0.1371702240686404
        },
        "Beta": {
            "Frontal": 0.14233069728998468,
            "Central": 0.13422890336489818,
            "Parietal": 0.11684625438402263,
            "Temporal": 0.1090157490834516,
            "Occipital": 0.14163202779979495
        },
        "Gamma": {
            "Frontal": 0.03668457797552787,
            "Central": 0.022021576343844766,
            "Parietal": 0.01617196767622468,
            "Temporal": 0.02583848259211701,
            "Occipital": 0.02544019760379223
        }
    },
    "Word formation task": {
        "Delta": {
            "Frontal": 0.4729834097369169,
            "Central": 0.39413455075131193,
            "Parietal": 0.47126897092728287,
            "Temporal": 0.5414036002005899,
            "Occipital": 0.48193811722910135
        },
        "Theta": {
            "Frontal": 0.2390989773147265,
            "Central": 0.29727973861501295,
            "Parietal": 0.2429825122627771,
            "Temporal": 0.2388097017963675,
            "Occipital": 0.19417843660175532
        },
        "Alpha": {
            "Frontal": 0.1683402510550879,
            "Central": 0.15501635548659887,
            "Parietal": 0.14711496575191252,
            "Temporal": 0.10825057319555523,
            "Occipital": 0.136909169306621
        },
        "Beta": {
            "Frontal": 0.09185935889126165,
            "Central": 0.12645794564660906,
            "Parietal": 0.11302784920185754,
            "Temporal": 0.08345223838177099,
            "Occipital": 0.14546327222443767
        },
        "Gamma": {
            "Frontal": 0.027718003002007042,
            "Central": 0.02711140950046719,
            "Parietal": 0.025605701856170008,
            "Temporal": 0.028083886425716343,
            "Occipital": 0.04151100463808467
        }
    },
    "Counting task 2": {
        "Delta": {
            "Frontal": 0.6520175366935143,
            "Central": 0.4182237068337004,
            "Parietal": 0.4062231908940255,
            "Temporal": 0.5134793932629899,
            "Occipital": 0.42649738027182155
        },
        "Theta": {
            "Frontal": 0.1786453065156807,
            "Central": 0.2863296095063819,
            "Parietal": 0.32005347645498317,
            "Temporal": 0.19077682888531552,
            "Occipital": 0.16492943407440713
        },
        "Alpha": {
            "Frontal": 0.06159688380107587,
            "Central": 0.09419199976031008,
            "Parietal": 0.06134165431659885,
            "Temporal": 0.07923692273101397,
            "Occipital": 0.11565930599266745
        },
        "Beta": {
            "Frontal": 0.08076287643454279,
            "Central": 0.1491116358247471,
            "Parietal": 0.15935610162602729,
            "Temporal": 0.16814679468696273,
            "Occipital": 0.21681971962775895
        },
        "Gamma": {
            "Frontal": 0.026977396555186356,
            "Central": 0.05214304807486035,
            "Parietal": 0.05302557670836529,
            "Temporal": 0.048360060433717836,
            "Occipital": 0.07609416003334492
        }
    },
    "Imaginary defecation task": {
        "Delta": {
            "Frontal": 0.7964771311525377,
            "Central": 0.7730950940214362,
            "Parietal": 0.718134446336754,
            "Temporal": 0.7965827878231557,
            "Occipital": 0.6602533167647509
        },
        "Theta": {
            "Frontal": 0.11116971443996333,
            "Central": 0.10261825957862547,
            "Parietal": 0.1377627491581271,
            "Temporal": 0.10136940655530327,
            "Occipital": 0.12263107446815978
        },
        "Alpha": {
            "Frontal": 0.04376081822424309,
            "Central": 0.05554212348037137,
            "Parietal": 0.0658791280040689,
            "Temporal": 0.04568619245075926,
            "Occipital": 0.07392722955618186
        },
        "Beta": {
            "Frontal": 0.038694307471983234,
            "Central": 0.056186900992977386,
            "Parietal": 0.0659033362451224,
            "Temporal": 0.044978686495781614,
            "Occipital": 0.11194406391591083
        },
        "Gamma": {
            "Frontal": 0.009898028711272802,
            "Central": 0.012557621926589694,
            "Parietal": 0.01232034025592756,
            "Temporal": 0.01138292667500008,
            "Occipital": 0.03124431529499669
        }
    },
    "Simulated defecation task": {
        "Delta": {
            "Frontal": 0.6946604293128653,
            "Central": 0.7507636342347844,
            "Parietal": 0.6707840826064781,
            "Temporal": 0.7545276916439743,
            "Occipital": 0.586698634017886
        },
        "Theta": {
            "Frontal": 0.16495936318760912,
            "Central": 0.11396589838171968,
            "Parietal": 0.16595207671866352,
            "Temporal": 0.1300738720998673,
            "Occipital": 0.14623043864385013
        },
        "Alpha": {
            "Frontal": 0.0770239130554796,
            "Central": 0.07131067628217959,
            "Parietal": 0.09007202574676665,
            "Temporal": 0.059381739857284066,
            "Occipital": 0.11297875883601836
        },
        "Beta": {
            "Frontal": 0.05301511696975605,
            "Central": 0.056327612031718245,
            "Parietal": 0.06376696906088991,
            "Temporal": 0.047496671942639096,
            "Occipital": 0.12752878072418422
        },
        "Gamma": {
            "Frontal": 0.010341177474289863,
            "Central": 0.0076321790695981,
            "Parietal": 0.009424845867201707,
            "Temporal": 0.00852002445623526,
            "Occipital": 0.026563387778061328
        }
    },