{
    "Resting task": {
        "Delta": {
            "Frontal": 0.3735182111405193,
            "Central": 0.4681503744035082,
            "Parietal": 0.41984951073115284,
            "Temporal": 0.3973228515497391,
            "Occipital": 0.35956751878544846
        },
        "Theta": {
            "Frontal": 0.18785807664456974,
            "Central": 0.19713356081577244,
            "Parietal": 0.19141998085696632,
            "Temporal": 0.17878750608407132,
            "Occipital": 0.15145544212278336
        },
        "Alpha": {
            "Frontal": 0.30619822187379936,
            "Central": 0.21353810906872162,
            "Parietal": 0.27300383283484747,
            "Temporal": 0.2814787698154687,
            "Occipital": 0.3928929308121186
        },
        "Beta": {
            "Frontal": 0.10403822283476415,
            "Central": 0.09427331322542158,
            "Parietal": 0.09788364927746197,
            "Temporal": 0.11983447187407845,
            "Occipital": 0.08418160544352445
        },
        "Gamma": {
            "Frontal": 0.028387267506347385,
            "Central": 0.026904642486576265,
            "Parietal": 0.017843026299571373,
            "Temporal": 0.022576400676642485,
            "Occipital": 0.011902502836124994
        }
    },
    "Counting task 1": {
        "Delta": {
            "Frontal": 0.5577068751232062,
            "Central": 0.543190915188714,
            "Parietal": 0.5913902387764922,
            "Temporal": 0.5805630265483156,
            "Occipital": 0.6269182461963669
        },
        "Theta": {
            "Frontal": 0.12925667108009914,
            "Central": 0.1692773746761515,
            "Parietal": 0.1665235213807228,
            "Temporal": 0.09168913471098787,
            "Occipital": 0.1585800995373558
        },
        "Alpha": {
            "Frontal": 0.06663892911028825,
            "Central": 0.09134926828701495,
            "Parietal": 0.07916649456366488,
            "Temporal": 0.04978282098991329,
            "Occipital": 0.07720636311160622
        },
        "Beta": {
            "Frontal": 0.17305737593547382,
            "Central": 0.13740603748288122,
            "Parietal": 0.11677488148708548,
            "Temporal": 0.1757562562136139,
            "Occipital": 0.10280711107499121
        },
        "Gamma": {
            "Frontal": 0.07334014875093255,
            "Central": 0.058776404365238386,
            "Parietal": 0.04614486379203463,
            "Temporal": 0.10220876153716943,
            "Occipital": 0.034488180079679916
        }
    },
    "Word formation task": {
        "Delta": {
            "Frontal": 0.4943561426190095,
            "Central": 0.4841658911453902,
            "Parietal": 0.5091776453892183,
            "Temporal": 0.4008879490136,
            "Occipital": 0.5155078043858692
        },
        "Theta": {
            "Frontal": 0.148480035873413,
            "Central": 0.17886832867498972,
            "Parietal": 0.1845718997018276,
            "Temporal": 0.11594889671943198,
            "Occipital": 0.1640787920620187
        },
        "Alpha": {
            "Frontal": 0.08841009796253116,
            "Central": 0.09317513448309424,
            "Parietal": 0.10295070448058974,
            "Temporal": 0.07904700220735252,
            "Occipital": 0.12895707307930948
        },
        "Beta": {
            "Frontal": 0.17992946059338963,
            "Central": 0.16713448221327878,
            "Parietal": 0.14423033424105725,
            "Temporal": 0.2695621989968983,
            "Occipital": 0.1458662507536401
        },
        "Gamma": {
            "Frontal": 0.0888242629516569,
            "Central": 0.07665616348324704,
            "Parietal": 0.059069416187307044,
            "Temporal": 0.13455395306271714,
            "Occipital": 0.04559007971916263
        }
    },
    "Counting task 2": {
        "Delta": {
            "Frontal": 0.5490556164516931,
            "Central": 0.5630732630653965,
            "Parietal": 0.5592946159718508,
            "Temporal": 0.4807355018143588,
            "Occipital": 0.5443749982649029
        },
        "Theta": {
            "Frontal": 0.1408811608721475,
            "Central": 0.15457417966790737,
            "Parietal": 0.15959598812507964,
            "Temporal": 0.09066620523263522,
            "Occipital": 0.15579999854432025
        },
        "Alpha": {
            "Frontal": 0.07851258573768724,
            "Central": 0.08074341601193466,
            "Parietal": 0.09855378999699634,
            "Temporal": 0.07086605770703884,
            "Occipital": 0.13331306426480993
        },
        "Beta": {
            "Frontal": 0.1666902026226211,
            "Central": 0.14990116326276998,
            "Parietal": 0.13991508213087878,
            "Temporal": 0.2557094681150764,
            "Occipital": 0.13239717315643545
        },
        "Gamma": {
            "Frontal": 0.06486043431585105,
            "Central": 0.05170797799199129,
            "Parietal": 0.04264052377519428,
            "Temporal": 0.10202276713089069,
            "Occipital": 0.034114765769531485
        }
    },
    "Imaginary defecation task": {
        "Delta": {
            "Frontal": 0.5019782292710725,
            "Central": 0.5072641488946216,
            "Parietal": 0.5205767505198249,
            "Temporal": 0.46028186198263743,
            "Occipital": 0.4560008955995324
        },
        "Theta": {
            "Frontal": 0.19498961885790128,
            "Central": 0.20100066024767058,
            "Parietal": 0.18306891448610682,
            "Temporal": 0.1615915753855012,
            "Occipital": 0.16947848025381584
        },
        "Alpha": {
            "Frontal": 0.14278242945019182,
            "Central": 0.12612718455289273,
            "Parietal": 0.15668211095385137,
            "Temporal": 0.13987740924570874,
            "Occipital": 0.20390101253003923
        },
        "Beta": {
            "Frontal": 0.13228288566268168,
            "Central": 0.14517026756014687,
            "Parietal": 0.12156114122820785,
            "Temporal": 0.19484450988511645,
            "Occipital": 0.14902359078678792
        },
        "Gamma": {
            "Frontal": 0.027966836758152785,
            "Central": 0.020437738744668317,
            "Parietal": 0.018111082812009082,
            "Temporal": 0.04340464350103625,
            "Occipital": 0.021596020829824543
        }
    },
    "Simulated defecation task": {
        "Delta": {
            "Frontal": 0.5256239546441571,
            "Central": 0.5159662016332167,
            "Parietal": 0.5316212307614065,
            "Temporal": 0.5052985238500818,
            "Occipital": 0.507950441051835
        },
        "Theta": {
            "Frontal": 0.2623333287160958,
            "Central": 0.2821726296295376,
            "Parietal": 0.24713257049820375,
            "Temporal": 0.2074636419161898,
            "Occipital": 0.20828625893430816
        },
        "Alpha": {
            "Frontal": 0.1287516345913675,
            "Central": 0.1190267239706274,
            "Parietal": 0.13078247533292592,
            "Temporal": 0.13783725907275823,
            "Occipital": 0.16936649556534908
        },
        "Beta": {
            "Frontal": 0.06738581844388679,
            "Central": 0.06904626343642428,
            "Parietal": 0.07775166996881522,
            "Temporal": 0.12300866912490019,
            "Occipital": 0.09697102649434308
        },
        "Gamma": {
            "Frontal": 0.01590526360449271,
            "Central": 0.01378818133019399,
            "Parietal": 0.012712053438648688,
            "Temporal": 0.026391906036070074,
            "Occipital": 0.01742577795416473
        }
    },