{
    "Resting task": {
        "Delta": {
            "Frontal": 0.0,
            "Central": 0.0,
            "Parietal": 0.0,
            "Temporal": 0.0,
            "Occipital": 0.0
        },
        "Theta": {
            "Frontal": 0.0,
            "Central": 0.0,
            "Parietal": 0.0,
            "Temporal": 0.0,
            "Occipital": 0.0
        },
        "Alpha": {
            "Frontal": 0.0,
            "Central": 0.0,
            "Parietal": 0.0,
            "Temporal": 0.0,
            "Occipital": 0.0
        },
        "Beta": {
            "Frontal": 0.7710531000640357,
            "Central": 0.8035885328744703,
            "Parietal": 0.6732182303134265,
            "Temporal": 0.6555909534259923,
            "Occipital": 0.5848656522190342
        },
        "Gamma": {
            "Frontal": 0.2289468999359643,
            "Central": 0.19641146712552965,
            "Parietal": 0.3267817696865734,
            "Temporal": 0.34440904657400784,
            "Occipital": 0.4151343477809658
        }
    },
    "Counting task 1": {
        "Delta": {
            "Frontal": 0.4632221605762211,
            "Central": 0.49028198254126604,
            "Parietal": 0.5855783017382558,
            "Temporal": 0.453920860210259,
            "Occipital": 0.5462912574827476
        },
        "Theta": {
            "Frontal": 0.3550262338457421,
            "Central": 0.3033731669841591,
            "Parietal": 0.216748530329764,
            "Temporal": 0.214502152558841,
            "Occipital": 0.24389482386100828
        },
        "Alpha": {
            "Frontal": 0.08104992397848612,
            "Central": 0.07896658032937078,
            "Parietal": 0.09463986497369326,
            "Temporal": 0.12425398833520421,
            "Occipital": 0.0914475041912185
        },
        "Beta": {
            "Frontal": 0.08029442726739587,
            "Central": 0.10433716264392875,
            "Parietal": 0.08506632405016708,
            "Temporal": 0.15913168597524682,
            "Occipital": 0.09751992973736703
        },
        "Gamma": {
            "Frontal": 0.020407254332154855,
            "Central": 0.023041107501275342,
            "Parietal": 0.017966978908119918,
            "Temporal": 0.048191312920448814,
            "Occipital": 0.02084648472765864
        }
    },
    "Word formation task": {
        "Delta": {
            "Frontal": 0.6927801839108223,
            "Central": 0.5885449703211167,
            "Parietal": 0.597823307363376,
            "Temporal": 0.5873439560970624,
            "Occipital": 0.6596794151019927
        },
        "Theta": {
            "Frontal": 0.17345801081679643,
            "Central": 0.2298220461453883,
            "Parietal": 0.22975665627459152,
            "Temporal": 0.22018662226024902,
            "Occipital": 0.21119673049094667
        },
        "Alpha": {
            "Frontal": 0.058812706979196556,
            "Central": 0.07521471924395402,
            "Parietal": 0.07565288347094373,
            "Temporal": 0.09280105725615699,
            "Occipital": 0.058507157736413996
        },
        "Beta": {
            "Frontal": 0.06187109279965812,
            "Central": 0.0877648987792804,
            "Parietal": 0.07787360272826399,
            "Temporal": 0.07719263226367576,
            "Occipital": 0.056979745364548244
        },
        "Gamma": {
            "Frontal": 0.01307800549352674,
            "Central": 0.018653365510260585,
            "Parietal": 0.018893550162824763,
            "Temporal": 0.02247573212285588,
            "Occipital": 0.013636951306098422
        }
    },
    "Counting task 2": {
        "Delta": {
            "Frontal": 0.6973703224131486,
            "Central": 0.6987490870588499,
            "Parietal": 0.7128676202849755,
            "Temporal": 0.7061650562274708,
            "Occipital": 0.7275113157895303
        },
        "Theta": {
            "Frontal": 0.15739378451293912,
            "Central": 0.1628097003987127,
            "Parietal": 0.1649868125843483,
            "Temporal": 0.15563853076094172,
            "Occipital": 0.16111129560156695
        },
        "Alpha": {
            "Frontal": 0.0643460912210023,
            "Central": 0.053991243894665204,
            "Parietal": 0.05017005992889284,
            "Temporal": 0.039480260797337165,
            "Occipital": 0.05385805152867501
        },
        "Beta": {
            "Frontal": 0.0657501541314521,
            "Central": 0.06786462283911561,
            "Parietal": 0.05776258387006882,
            "Temporal": 0.07919689756550516,
            "Occipital": 0.04616373965046125
        },
        "Gamma": {
            "Frontal": 0.015139647721457894,
            "Central": 0.016585345808656837,
            "Parietal": 0.014212923331714502,
            "Temporal": 0.01951925464874505,
            "Occipital": 0.011355597429766454
        }
    },
    "Imaginary defecation task": {
        "Delta": {
            "Frontal": 0.8253346934175942,
            "Central": 0.8131357727839488,
            "Parietal": 0.7987695826698131,
            "Temporal": 0.7129769608976592,
            "Occipital": 0.8536616191867323
        },
        "Theta": {
            "Frontal": 0.10964007695325086,
            "Central": 0.08886980492955673,
            "Parietal": 0.10547638489564669,
            "Temporal": 0.14355799392940008,
            "Occipital": 0.06700938053681496
        },
        "Alpha": {
            "Frontal": 0.03248892020411386,
            "Central": 0.046363325987722616,
            "Parietal": 0.04452184924763322,
            "Temporal": 0.05189009946661958,
            "Occipital": 0.03473282603726319
        },
        "Beta": {
            "Frontal": 0.029055377210256736,
            "Central": 0.04662775243209733,
            "Parietal": 0.0447501494657237,
            "Temporal": 0.07741817060902886,
            "Occipital": 0.0376850327902179
        },
        "Gamma": {
            "Frontal": 0.0034809322147841375,
            "Central": 0.005003343866674653,
            "Parietal": 0.006482033721183265,
            "Temporal": 0.01415677509729234,
            "Occipital": 0.0069111414489713965
        }
    },
    "Simulated defecation task": {
        "Delta": {
            "Frontal": 0.8690033702686004,
            "Central": 0.8619668231417875,
            "Parietal": 0.8567270146638767,
            "Temporal": 0.8775980688038072,
            "Occipital": 0.8241457330157043
        },
        "Theta": {
            "Frontal": 0.08383435244574568,
            "Central": 0.08679282193487517,
            "Parietal": 0.08141247109936103,
            "Temporal": 0.07059217140744439,
            "Occipital": 0.08661532477632458
        },
        "Alpha": {
            "Frontal": 0.027407252336623122,
            "Central": 0.02733478790916922,
            "Parietal": 0.03330646655271302,
            "Temporal": 0.027499307147776562,
            "Occipital": 0.04518190091124681
        },
        "Beta": {
            "Frontal": 0.017395091572695757,
            "Central": 0.02127739947023984,
            "Parietal": 0.025012539458865453,
            "Temporal": 0.02117389377843691,
            "Occipital": 0.03564391966589627
        },
        "Gamma": {
            "Frontal": 0.0023599333763350684,
            "Central": 0.002628167543928131,
            "Parietal": 0.0035415082251837524,
            "Temporal": 0.003136558862535009,
            "Occipital": 0.00841312163082803
        }
    },
    "Imaginary anal contraction task": {
        "Delta": {
            "Frontal": 0.7849452875626991,
            "Central": 0.7789506101849158,
            "Parietal": 0.780605783151684,
            "Temporal": 0.7566493406506394,