{
    "Resting task": {
        "Delta": {
            "Frontal": 0.5156706545900499,
            "Central": 0.498742407879559,
            "Parietal": 0.49513002776027315,
            "Temporal": 0.4657948835642071,
            "Occipital": 0.48903179607195557
        },
        "Theta": {
            "Frontal": 0.1393653643285851,
            "Central": 0.15006180397223903,
            "Parietal": 0.14087196546420216,
            "Temporal": 0.12455740039716123,
            "Occipital": 0.15475998579463074
        },
        "Alpha": {
            "Frontal": 0.08986998971839485,
            "Central": 0.09788755917680111,
            "Parietal": 0.1020797754657721,
            "Temporal": 0.09584089935897365,
            "Occipital": 0.10779674740065556
        },
        "Beta": {
            "Frontal": 0.19625941686049228,
            "Central": 0.19739896780970131,
            "Parietal": 0.2047474477750214,
            "Temporal": 0.2401643048845,
            "Occipital": 0.1953451416410747
        },
        "Gamma": {
            "Frontal": 0.05883457450247776,
            "Central": 0.05590926116169949,
            "Parietal": 0.05717078353473118,
            "Temporal": 0.07364251179515792,
            "Occipital": 0.05306632909168339
        }
    },
    "Counting task 1": {
        "Delta": {
            "Frontal": 0.6770918963750229,
            "Central": 0.6758855864420228,
            "Parietal": 0.6739387613911481,
            "Temporal": 0.6737691652211828,
            "Occipital": 0.6756492180451862
        },
        "Theta": {
            "Frontal": 0.1604814046177659,
            "Central": 0.1645382758079856,
            "Parietal": 0.16051146943914202,
            "Temporal": 0.15127446830836108,
            "Occipital": 0.16377516806608494
        },
        "Alpha": {
            "Frontal": 0.06119909732033748,
            "Central": 0.06516531236482033,
            "Parietal": 0.06524346343157805,
            "Temporal": 0.05814351559780816,
            "Occipital": 0.06535797689386531
        },
        "Beta": {
            "Frontal": 0.08715519902181108,
            "Central": 0.08147966045643236,
            "Parietal": 0.08704263975056581,
            "Temporal": 0.09793655832202634,
            "Occipital": 0.08150854101566314
        },
        "Gamma": {
            "Frontal": 0.014072402665062688,
            "Central": 0.012931164928738978,
            "Parietal": 0.013263665987566054,
            "Temporal": 0.01887629255062167,
            "Occipital": 0.013709095979200406
        }
    },
    "Word formation task": {
        "Delta": {
            "Frontal": 0.5263886431218936,
            "Central": 0.5133438136051521,
            "Parietal": 0.5052925358226515,
            "Temporal": 0.49107823825030844,
            "Occipital": 0.4980643035383103
        },
        "Theta": {
            "Frontal": 0.16748571121508385,
            "Central": 0.1701820475090505,
            "Parietal": 0.1732357843474842,
            "Temporal": 0.16119063887140805,
            "Occipital": 0.18881763381330993
        },
        "Alpha": {
            "Frontal": 0.12013790724639986,
            "Central": 0.13192434377949583,
            "Parietal": 0.12405139244261826,
            "Temporal": 0.11820856710063858,
            "Occipital": 0.1265491737598828
        },
        "Beta": {
            "Frontal": 0.1521932046241678,
            "Central": 0.15201865957531685,
            "Parietal": 0.16159777352796953,
            "Temporal": 0.18385074219718284,
            "Occipital": 0.15353424321043138
        },
        "Gamma": {
            "Frontal": 0.03379453379245494,
            "Central": 0.03253113553098464,
            "Parietal": 0.035822513859276414,
            "Temporal": 0.04567181358046213,
            "Occipital": 0.033034645678065605
        }
    },
    "Counting task 2": {
        "Delta": {
            "Frontal": 0.5226166896475126,
            "Central": 0.5094323508288328,
            "Parietal": 0.5313725596588763,
            "Temporal": 0.4884123929131481,
            "Occipital": 0.5045279689648012
        },
        "Theta": {
            "Frontal": 0.19507514906099052,
            "Central": 0.22418479748193088,
            "Parietal": 0.18354645040988843,
            "Temporal": 0.18616510892613775,
            "Occipital": 0.2173663421452371
        },
        "Alpha": {
            "Frontal": 0.11326364144715789,
            "Central": 0.11226501475651729,
            "Parietal": 0.11174465395287964,
            "Temporal": 0.1148203055315767,
            "Occipital": 0.12024818481782712
        },
        "Beta": {
            "Frontal": 0.14451384568939113,
            "Central": 0.13247361882709094,
            "Parietal": 0.14714645285792988,
            "Temporal": 0.17557129788913273,
            "Occipital": 0.13372732297075707
        },
        "Gamma": {
            "Frontal": 0.024530674154947762,
            "Central": 0.021644218105628058,
            "Parietal": 0.02618988312042579,
            "Temporal": 0.03503089474000467,
            "Occipital": 0.02413018110137751
        }
    },
    "Imaginary defecation task": {
        "Delta": {
            "Frontal": 0.5934461102315753,
            "Central": 0.6260496414274522,
            "Parietal": 0.5480927617445918,
            "Temporal": 0.5413547367759671,
            "Occipital": 0.5311181390150593
        },
        "Theta": {
            "Frontal": 0.1821269046254831,
            "Central": 0.16672864474387808,
            "Parietal": 0.18436140311673918,
            "Temporal": 0.18374383052470306,
            "Occipital": 0.23882037591817956
        },
        "Alpha": {
            "Frontal": 0.05910380935933797,
            "Central": 0.06677217120767594,
            "Parietal": 0.07971701831645178,
            "Temporal": 0.0637060056724321,
            "Occipital": 0.06852558522750346
        },
        "Beta": {
            "Frontal": 0.13308507539655606,
            "Central": 0.11525269069253444,
            "Parietal": 0.15274563325664905,
            "Temporal": 0.16821402363459634,
            "Occipital": 0.13136975682056792
        },
        "Gamma": {
            "Frontal": 0.03223810038704748,
            "Central": 0.025196851928459295,
            "Parietal": 0.03508318356556819,
            "Temporal": 0.04298140339230148,
            "Occipital": 0.030166143018689764
        }
    },
    "Simulated defecation task": {
        "Delta": {
            "Frontal": 0.49356368959790337,
            "Central": 0.5286272886861034,
            "Parietal": 0.49665683258580257,
            "Temporal": 0.46368139367584177,
            "Occipital": 0.5018890520834175
        },
        "Theta": {
            "Frontal": 0.1672799158934298,
            "Central": 0.16253505162547516,
            "Parietal": 0.16340573848126388,
            "Temporal": 0.15805137179961803,
            "Occipital": 0.15823903947123985
        },
        "Alpha": {
            "Frontal": 0.08400604771362971,
            "Central": 0.07970965494949131,
            "Parietal": 0.0873186245807985,
            "Temporal": 0.0840430867697951,
            "Occipital": 0.09136475306317789
        },
        "Beta": {
            "Frontal": 0.2078945778859682,
            "Central": 0.19151984137829076,
            "Parietal": 0.20911823844377925,
            "Temporal": 0.2356226313170696,
            "Occipital": 0.20647288290920712
        },
        "Gamma": {
            "Frontal": 0.05056693957606893,
            "Central": 0.042409990272719966,
            "Parietal": 0.04726562542921545,
            "Temporal": 0.0617077883688484,
            "Occipital": 0.04635315465029913
        }
    },