{
    "Resting task": {
        "Delta": {
            "Frontal": 0.682967689182668,
            "Central": 0.5757436032606439,
            "Parietal": 0.4865802586518275,
            "Temporal": 0.6034700742769669,
            "Occipital": 0.27186051358611474
        },
        "Theta": {
            "Frontal": 0.1194751364569029,
            "Central": 0.13147924901707045,
            "Parietal": 0.11540875882747201,
            "Temporal": 0.11071548242501066,
            "Occipital": 0.07014537856614697
        },
        "Alpha": {
            "Frontal": 0.13014676611382667,
            "Central": 0.18603174609820622,
            "Parietal": 0.28621173377845555,
            "Temporal": 0.16210816973075365,
            "Occipital": 0.5679172798824681
        },
        "Beta": {
            "Frontal": 0.058100597144033844,
            "Central": 0.0929435273248662,
            "Parietal": 0.09627224026422943,
            "Temporal": 0.10244281869947422,
            "Occipital": 0.08048951358124823
        },
        "Gamma": {
            "Frontal": 0.009309811102568488,
            "Central": 0.013801874299213252,
            "Parietal": 0.015527008478015511,
            "Temporal": 0.021263454867794622,
            "Occipital": 0.009587314384022126
        }
    },
    "Counting task 1": {
        "Delta": {
            "Frontal": 0.881699333111434,
            "Central": 0.8716853628397984,
            "Parietal": 0.8985049952509108,
            "Temporal": 0.9288122285311783,
            "Occipital": 0.9226004355538592
        },
        "Theta": {
            "Frontal": 0.05425151010594259,
            "Central": 0.04664391406316178,
            "Parietal": 0.03351567194862097,
            "Temporal": 0.023083893761989625,
            "Occipital": 0.028072155109810686
        },
        "Alpha": {
            "Frontal": 0.017325919339348513,
            "Central": 0.02109118778994825,
            "Parietal": 0.01517390172822439,
            "Temporal": 0.010633596471241786,
            "Occipital": 0.011930326074753242
        },
        "Beta": {
            "Frontal": 0.03176159400397369,
            "Central": 0.040038275912470535,
            "Parietal": 0.03541373898120023,
            "Temporal": 0.02597930492590837,
            "Occipital": 0.02708709022738797
        },
        "Gamma": {
            "Frontal": 0.014961643439301094,
            "Central": 0.020541259394621043,
            "Parietal": 0.01739169209104356,
            "Temporal": 0.011490976309681742,
            "Occipital": 0.010309993034188867
        }
    },
    "Word formation task": {
        "Delta": {
            "Frontal": 0.8474220316839636,
            "Central": 0.8146035907213015,
            "Parietal": 0.8336351743976831,
            "Temporal": 0.8460432104728148,
            "Occipital": 0.8395870441723752
        },
        "Theta": {
            "Frontal": 0.0873095593405311,
            "Central": 0.07740141660452486,
            "Parietal": 0.06354653924160285,
            "Temporal": 0.04180542455208488,
            "Occipital": 0.05784040179457568
        },
        "Alpha": {
            "Frontal": 0.029067318686350905,
            "Central": 0.04046533988103401,
            "Parietal": 0.03667788539582918,
            "Temporal": 0.025343369949215478,
            "Occipital": 0.0364705329189524
        },
        "Beta": {
            "Frontal": 0.026034933994971192,
            "Central": 0.04857109055874091,
            "Parietal": 0.04741919221604721,
            "Temporal": 0.06356821722037834,
            "Occipital": 0.050810971458753885
        },
        "Gamma": {
            "Frontal": 0.010166156294183186,
            "Central": 0.018958562234398735,
            "Parietal": 0.01872120874883763,
            "Temporal": 0.023239777805506328,
            "Occipital": 0.015291049655342795
        }
    },
    "Counting task 2": {
        "Delta": {
            "Frontal": 0.7655856639239577,
            "Central": 0.7435894558065493,
            "Parietal": 0.7444260163235117,
            "Temporal": 0.7505852734632936,
            "Occipital": 0.7108133635167222
        },
        "Theta": {
            "Frontal": 0.10836928789305487,
            "Central": 0.10666685700521046,
            "Parietal": 0.09711825386005987,
            "Temporal": 0.07937847353328778,
            "Occipital": 0.09618567160901012
        },
        "Alpha": {
            "Frontal": 0.04486983404698962,
            "Central": 0.05116299857742916,
            "Parietal": 0.05520188031337624,
            "Temporal": 0.04683159399506547,
            "Occipital": 0.07687424609583934
        },
        "Beta": {
            "Frontal": 0.061962334803311814,
            "Central": 0.07361910785620455,
            "Parietal": 0.07812307273247665,
            "Temporal": 0.09750843448639232,
            "Occipital": 0.09394672740779478
        },
        "Gamma": {
            "Frontal": 0.019212879332685985,
            "Central": 0.024961580754606378,
            "Parietal": 0.025130776770575538,
            "Temporal": 0.02569622452196075,
            "Occipital": 0.022179991370633437
        }
    },
    "Imaginary defecation task": {
        "Delta": {
            "Frontal": 0.6949015878803546,
            "Central": 0.7580367532906384,
            "Parietal": 0.789285249771039,
            "Temporal": 0.7646153013920108,
            "Occipital": 0.8045698946935008
        },
        "Theta": {
            "Frontal": 0.2317070657807591,
            "Central": 0.13911789887333714,
            "Parietal": 0.10800262786894166,
            "Temporal": 0.09647628736264345,
            "Occipital": 0.09570481155114241
        },
        "Alpha": {
            "Frontal": 0.04014153714648992,
            "Central": 0.04243164858539707,
            "Parietal": 0.04220504069527633,
            "Temporal": 0.03794420972777873,
            "Occipital": 0.04565738894254065
        },
        "Beta": {
            "Frontal": 0.02642897874154395,
            "Central": 0.04705075013473699,
            "Parietal": 0.046147893138965675,
            "Temporal": 0.07013969886176499,
            "Occipital": 0.04177215888812296
        },
        "Gamma": {
            "Frontal": 0.006820830450852275,
            "Central": 0.013362949115890381,
            "Parietal": 0.014359188525777418,
            "Temporal": 0.030824502655801944,
            "Occipital": 0.012295745924693118
        }
    },
    "Simulated defecation task": {
        "Delta": {
            "Frontal": 0.7315968379597627,
            "Central": 0.705828702817355,
            "Parietal": 0.6910599411854998,
            "Temporal": 0.614109147595326,
            "Occipital": 0.6937979147720064
        },
        "Theta": {
            "Frontal": 0.11523428234773898,
            "Central": 0.11790711921489716,
            "Parietal": 0.12189694495314636,
            "Temporal": 0.0951239884139686,
            "Occipital": 0.12634336659464893
        },
        "Alpha": {
            "Frontal": 0.053501904911689616,
            "Central": 0.059956285351790164,
            "Parietal": 0.06985564125499488,
            "Temporal": 0.0591962192585916,
            "Occipital": 0.07675686710501006
        },
        "Beta": {
            "Frontal": 0.08010325605747819,
            "Central": 0.09517271923267025,
            "Parietal": 0.09579909049963528,
            "Temporal": 0.18179978862601884,
            "Occipital": 0.08479310888759525
        },
        "Gamma": {
            "Frontal": 0.0195637187233304,
            "Central": 0.021135173383287444,
            "Parietal": 0.021388382106723575,
            "Temporal": 0.049770856106094934,