{
    "Resting task": {
        "Delta": {
            "Frontal": 0.6082152438441764,
            "Central": 0.5534296125043671,
            "Parietal": 0.5618118539478321,
            "Temporal": 0.6321243261732368,
            "Occipital": 0.5381829250894627
        },
        "Theta": {
            "Frontal": 0.1953048673247166,
            "Central": 0.20242792000173165,
            "Parietal": 0.19621558701299313,
            "Temporal": 0.16494800363465104,
            "Occipital": 0.18468070502060294
        },
        "Alpha": {
            "Frontal": 0.09362931545671317,
            "Central": 0.11159810210387248,
            "Parietal": 0.11711044863497158,
            "Temporal": 0.07752043477670198,
            "Occipital": 0.12497802866391848
        },
        "Beta": {
            "Frontal": 0.08734910203330108,
            "Central": 0.11437297662207067,
            "Parietal": 0.10486707377720283,
            "Temporal": 0.10187842639534087,
            "Occipital": 0.12458447879032582
        },
        "Gamma": {
            "Frontal": 0.015501471341092685,
            "Central": 0.018171388767958062,
            "Parietal": 0.01999503662700042,
            "Temporal": 0.02352880902006931,
            "Occipital": 0.027573862435690173
        }
    },
    "Counting task 1": {
        "Delta": {
            "Frontal": 0.5570012625963103,
            "Central": 0.557553804234229,
            "Parietal": 0.5644763595062606,
            "Temporal": 0.5720968607001168,
            "Occipital": 0.5531985078921631
        },
        "Theta": {
            "Frontal": 0.13116198650604446,
            "Central": 0.12343407747923889,
            "Parietal": 0.1508816788002874,
            "Temporal": 0.11947134189522982,
            "Occipital": 0.23158557091064036
        },
        "Alpha": {
            "Frontal": 0.08134811921060349,
            "Central": 0.05874539906762468,
            "Parietal": 0.07248376196912287,
            "Temporal": 0.07993882282668699,
            "Occipital": 0.07990551515643521
        },
        "Beta": {
            "Frontal": 0.18628961945808872,
            "Central": 0.21703084459099056,
            "Parietal": 0.16760894094921636,
            "Temporal": 0.17461393128901842,
            "Occipital": 0.10909621144927482
        },
        "Gamma": {
            "Frontal": 0.04419901222895309,
            "Central": 0.04323587462791699,
            "Parietal": 0.0445492587751127,
            "Temporal": 0.05387904328894796,
            "Occipital": 0.02621419459148637
        }
    },
    "Word formation task": {
        "Delta": {
            "Frontal": 0.5756836100254525,
            "Central": 0.601368757257668,
            "Parietal": 0.5546459980787555,
            "Temporal": 0.5709194576583396,
            "Occipital": 0.6046756977371759
        },
        "Theta": {
            "Frontal": 0.1988921756979055,
            "Central": 0.17075266641296796,
            "Parietal": 0.1975824061515692,
            "Temporal": 0.1759819609561341,
            "Occipital": 0.2208499007411106
        },
        "Alpha": {
            "Frontal": 0.1251449397161456,
            "Central": 0.12085125240727049,
            "Parietal": 0.13218903993171222,
            "Temporal": 0.12551772714991152,
            "Occipital": 0.0872335239040978
        },
        "Beta": {
            "Frontal": 0.0789940814324716,
            "Central": 0.08491167082555041,
            "Parietal": 0.09262183027303911,
            "Temporal": 0.09888400118794385,
            "Occipital": 0.07179109763413352
        },
        "Gamma": {
            "Frontal": 0.02128519312802476,
            "Central": 0.022115653096542946,
            "Parietal": 0.022960725564924095,
            "Temporal": 0.02869685304767079,
            "Occipital": 0.015449779983482195
        }
    },
    "Counting task 2": {
        "Delta": {
            "Frontal": 0.8241768143763786,
            "Central": 0.8122224679767098,
            "Parietal": 0.8112371148662008,
            "Temporal": 0.8452443856898084,
            "Occipital": 0.8725951214897052
        },
        "Theta": {
            "Frontal": 0.10967701761477727,
            "Central": 0.1112231611338546,
            "Parietal": 0.11719732308242428,
            "Temporal": 0.08520779344495985,
            "Occipital": 0.0793283718334811
        },
        "Alpha": {
            "Frontal": 0.032056083529978296,
            "Central": 0.034793970717263326,
            "Parietal": 0.033013050387298126,
            "Temporal": 0.026163004006583862,
            "Occipital": 0.023440009087269686
        },
        "Beta": {
            "Frontal": 0.029174036044632864,
            "Central": 0.035827786934079245,
            "Parietal": 0.03297960307626945,
            "Temporal": 0.03547019595014072,
            "Occipital": 0.02058751156225837
        },
        "Gamma": {
            "Frontal": 0.004916048434232829,
            "Central": 0.005932613238093036,
            "Parietal": 0.005572908587807468,
            "Temporal": 0.007914620908507294,
            "Occipital": 0.0040489860272857
        }
    },
    "Imaginary defecation task": {
        "Delta": {
            "Frontal": 0.6354072021538937,
            "Central": 0.5567844114312445,
            "Parietal": 0.6743063850238395,
            "Temporal": 0.6363072497468407,
            "Occipital": 0.7512001733728051
        },
        "Theta": {
            "Frontal": 0.16130710507305981,
            "Central": 0.1757632034326475,
            "Parietal": 0.16321354540811817,
            "Temporal": 0.15610665516042038,
            "Occipital": 0.1306999513866593
        },
        "Alpha": {
            "Frontal": 0.06596297445347954,
            "Central": 0.08041418772917144,
            "Parietal": 0.05952728251416087,
            "Temporal": 0.05452983095187536,
            "Occipital": 0.04813072664432158
        },
        "Beta": {
            "Frontal": 0.1023206001783944,
            "Central": 0.14034698288998676,
            "Parietal": 0.08238053936604345,
            "Temporal": 0.1160095380354174,
            "Occipital": 0.06027008192502726
        },
        "Gamma": {
            "Frontal": 0.035002118141172586,
            "Central": 0.04669121451694981,
            "Parietal": 0.02057224768783805,
            "Temporal": 0.037046726105446084,
            "Occipital": 0.009699066671186727
        }
    },
    "Simulated defecation task": {
        "Delta": {
            "Frontal": 0.7617393178112263,
            "Central": 0.7074774427743805,
            "Parietal": 0.7582691817413709,
            "Temporal": 0.7927827353732793,
            "Occipital": 0.7839671260080656
        },
        "Theta": {
            "Frontal": 0.14567878860317224,
            "Central": 0.1563963158519362,
            "Parietal": 0.1245225036680287,
            "Temporal": 0.10212269160490266,
            "Occipital": 0.09548881594762748
        },
        "Alpha": {
            "Frontal": 0.04850877716411667,
            "Central": 0.06492862088020969,
            "Parietal": 0.05601080547766353,
            "Temporal": 0.04002000239659361,
            "Occipital": 0.05777474648923519
        },
        "Beta": {
            "Frontal": 0.03718759853584775,
            "Central": 0.061689741707593504,
            "Parietal": 0.05297296584498351,
            "Temporal": 0.052846031825475,
            "Occipital": 0.05247124699890566
        },
        "Gamma": {
            "Frontal": 0.006885517885637056,
            "Central": 0.009507878785880063,
            "Parietal": 0.008224543267953341,
            "Temporal": 0.012228538799749524,
            "Occipital": 0.010298064556165946
        }
    },