{
    "Resting task": {
        "Delta": {
            "Frontal": 0.5451499741007604,
            "Central": 0.4769277185489166,
            "Parietal": 0.5039476772888155,
            "Temporal": 0.5025706460913067,
            "Occipital": 0.5188217978430453
        },
        "Theta": {
            "Frontal": 0.2346043801373472,
            "Central": 0.25701485167734794,
            "Parietal": 0.24621138030809214,
            "Temporal": 0.22329655117549946,
            "Occipital": 0.24250039671260068
        },
        "Alpha": {
            "Frontal": 0.104296826567068,
            "Central": 0.12003762811555799,
            "Parietal": 0.11517689504558615,
            "Temporal": 0.11549623167180045,
            "Occipital": 0.11397337922804548
        },
        "Beta": {
            "Frontal": 0.09565929386119733,
            "Central": 0.11850827352527556,
            "Parietal": 0.10835182642956201,
            "Temporal": 0.12911380465820957,
            "Occipital": 0.09797687536109734
        },
        "Gamma": {
            "Frontal": 0.02028952533362724,
            "Central": 0.02751152813290195,
            "Parietal": 0.02631222092794419,
            "Temporal": 0.02952276640318387,
            "Occipital": 0.026727550855211217
        }
    },
    "Counting task 1": {
        "Delta": {
            "Frontal": 0.5795296647269906,
            "Central": 0.5207591137772289,
            "Parietal": 0.545559574326363,
            "Temporal": 0.5259436577292268,
            "Occipital": 0.45466453214874936
        },
        "Theta": {
            "Frontal": 0.14315170406933195,
            "Central": 0.13069816030041537,
            "Parietal": 0.17711795106801276,
            "Temporal": 0.11161985245634458,
            "Occipital": 0.2778032075302096
        },
        "Alpha": {
            "Frontal": 0.12550031670020534,
            "Central": 0.14927528987462124,
            "Parietal": 0.1274519521893508,
            "Temporal": 0.11266889039549662,
            "Occipital": 0.13474283998868009
        },
        "Beta": {
            "Frontal": 0.13143534098804963,
            "Central": 0.17125215895225657,
            "Parietal": 0.1277670090772136,
            "Temporal": 0.20795879784467713,
            "Occipital": 0.1121317551932717
        },
        "Gamma": {
            "Frontal": 0.020382973515422377,
            "Central": 0.028015277095477964,
            "Parietal": 0.022103513339059855,
            "Temporal": 0.041808801574254865,
            "Occipital": 0.020657665139089263
        }
    },
    "Word formation task": {
        "Delta": {
            "Frontal": 0.5551834343130381,
            "Central": 0.49158524673863857,
            "Parietal": 0.5452954362787061,
            "Temporal": 0.4336272865499805,
            "Occipital": 0.552884788363643
        },
        "Theta": {
            "Frontal": 0.14728343696480117,
            "Central": 0.13523209183734608,
            "Parietal": 0.15345949406169881,
            "Temporal": 0.09509959042596103,
            "Occipital": 0.21702627222367915
        },
        "Alpha": {
            "Frontal": 0.09749830617694905,
            "Central": 0.11074223766278735,
            "Parietal": 0.10536837463493216,
            "Temporal": 0.10314369004575226,
            "Occipital": 0.08507199572237782
        },
        "Beta": {
            "Frontal": 0.161404453509748,
            "Central": 0.20939491022785256,
            "Parietal": 0.15680351494304717,
            "Temporal": 0.28198384456363346,
            "Occipital": 0.11786638830760371
        },
        "Gamma": {
            "Frontal": 0.038630369035463755,
            "Central": 0.05304551353337552,
            "Parietal": 0.039073180081615644,
            "Temporal": 0.08614558841467278,
            "Occipital": 0.027150555382696284
        }
    },
    "Counting task 2": {
        "Delta": {
            "Frontal": 0.5635454376158013,
            "Central": 0.4636798366059101,
            "Parietal": 0.5538876303882749,
            "Temporal": 0.3773983973000494,
            "Occipital": 0.5962656386037986
        },
        "Theta": {
            "Frontal": 0.15875014583613647,
            "Central": 0.1632963835172546,
            "Parietal": 0.19199166909632762,
            "Temporal": 0.1367400637966175,
            "Occipital": 0.194143770819097
        },
        "Alpha": {
            "Frontal": 0.07770609926262291,
            "Central": 0.09048769560422842,
            "Parietal": 0.08987699115583998,
            "Temporal": 0.08686008103379153,
            "Occipital": 0.07706399982772633
        },
        "Beta": {
            "Frontal": 0.16289265345797405,
            "Central": 0.22877051464705603,
            "Parietal": 0.1335592491692593,
            "Temporal": 0.31058591644041805,
            "Occipital": 0.10790390708438762
        },
        "Gamma": {
            "Frontal": 0.03710566382746516,
            "Central": 0.05376556962555077,
            "Parietal": 0.030684460190298173,
            "Temporal": 0.08841554142912351,
            "Occipital": 0.024622683664990697
        }
    },
    "Imaginary defecation task": {
        "Delta": {
            "Frontal": 0.5229704927614693,
            "Central": 0.36301211740091716,
            "Parietal": 0.5923123173203599,
            "Temporal": 0.34711708373320016,
            "Occipital": 0.6590269887406317
        },
        "Theta": {
            "Frontal": 0.14743722755254582,
            "Central": 0.1836755622130062,
            "Parietal": 0.13526756286004338,
            "Temporal": 0.11521772314804837,
            "Occipital": 0.12112093364736211
        },
        "Alpha": {
            "Frontal": 0.14033850050850272,
            "Central": 0.18081582375875643,
            "Parietal": 0.13382260118221398,
            "Temporal": 0.15758801747046985,
            "Occipital": 0.0985159292282124
        },
        "Beta": {
            "Frontal": 0.15583488369818935,
            "Central": 0.22590969518829757,
            "Parietal": 0.11844862079064608,
            "Temporal": 0.3083075584602336,
            "Occipital": 0.10262490620862225
        },
        "Gamma": {
            "Frontal": 0.03341889547929291,
            "Central": 0.04658680143902264,
            "Parietal": 0.020148897846736666,
            "Temporal": 0.07176961718804808,
            "Occipital": 0.018711242175171443
        }
    },
    "Simulated defecation task": {
        "Delta": {
            "Frontal": 0.5701196121965014,
            "Central": 0.49894117802622456,
            "Parietal": 0.6137185237032059,
            "Temporal": 0.4627989602301004,
            "Occipital": 0.6756160719076758
        },
        "Theta": {
            "Frontal": 0.1681599999157869,
            "Central": 0.17823476515130895,
            "Parietal": 0.1530229699936368,
            "Temporal": 0.1448584499676047,
            "Occipital": 0.11279165201808901
        },
        "Alpha": {
            "Frontal": 0.11559346236166995,
            "Central": 0.12417904366973147,
            "Parietal": 0.09714054936629513,
            "Temporal": 0.13870405581990805,
            "Occipital": 0.0840137980283848
        },
        "Beta": {
            "Frontal": 0.12415441686496088,
            "Central": 0.1678916373024049,
            "Parietal": 0.1144844830921288,
            "Temporal": 0.20743017172304756,
            "Occipital": 0.09845623669876441
        },
        "Gamma": {
            "Frontal": 0.02197250866108085,
            "Central": 0.03075337585033016,
            "Parietal": 0.02163347384473337,
            "Temporal": 0.046208362259339296,
            "Occipital": 0.02912224134708602
        }
    },