{
    "Resting task": {
        "Delta": {
            "Frontal": 0.47318891212538594,
            "Central": 0.44573319791228905,
            "Parietal": 0.4359150913639338,
            "Temporal": 0.433028099274192,
            "Occipital": 0.4487067829319748
        },
        "Theta": {
            "Frontal": 0.264111485282977,
            "Central": 0.27700631447552265,
            "Parietal": 0.3119596897133699,
            "Temporal": 0.28769159857685866,
            "Occipital": 0.3028506188268192
        },
        "Alpha": {
            "Frontal": 0.11270391108157432,
            "Central": 0.11918164021551636,
            "Parietal": 0.11447244872519749,
            "Temporal": 0.11916451137894149,
            "Occipital": 0.10851132418052689
        },
        "Beta": {
            "Frontal": 0.1239817263374385,
            "Central": 0.1309733722703462,
            "Parietal": 0.11417462980416469,
            "Temporal": 0.13182220506113773,
            "Occipital": 0.11602147888695657
        },
        "Gamma": {
            "Frontal": 0.02601396517262431,
            "Central": 0.027105475126325756,
            "Parietal": 0.023478140393334075,
            "Temporal": 0.028293585708870132,
            "Occipital": 0.02390979517372252
        }
    },
    "Counting task 1": {
        "Delta": {
            "Frontal": 0.7926898943621125,
            "Central": 0.7800237937640332,
            "Parietal": 0.7843233459976654,
            "Temporal": 0.7841915866187382,
            "Occipital": 0.7878246396370406
        },
        "Theta": {
            "Frontal": 0.14415359263087515,
            "Central": 0.15478835718268266,
            "Parietal": 0.15147985113397666,
            "Temporal": 0.1511637968491282,
            "Occipital": 0.14892087708191032
        },
        "Alpha": {
            "Frontal": 0.03235320859069731,
            "Central": 0.03463282360120066,
            "Parietal": 0.03517921027813169,
            "Temporal": 0.034719133234186704,
            "Occipital": 0.03502411643266898
        },
        "Beta": {
            "Frontal": 0.026529828375768498,
            "Central": 0.026193074934747995,
            "Parietal": 0.02484082703281236,
            "Temporal": 0.025643473040310234,
            "Occipital": 0.024401472401009046
        },
        "Gamma": {
            "Frontal": 0.004273476040546645,
            "Central": 0.004361950517335433,
            "Parietal": 0.004176765557413899,
            "Temporal": 0.004282010257636594,
            "Occipital": 0.003828894447370984
        }
    },
    "Word formation task": {
        "Delta": {
            "Frontal": 0.8264713290443223,
            "Central": 0.7809841755828967,
            "Parietal": 0.7923961491958758,
            "Temporal": 0.8073843573890113,
            "Occipital": 0.7915486995420808
        },
        "Theta": {
            "Frontal": 0.08554922073913493,
            "Central": 0.10861121572835623,
            "Parietal": 0.10666247190662391,
            "Temporal": 0.0940584854001908,
            "Occipital": 0.10556934652328503
        },
        "Alpha": {
            "Frontal": 0.03940448337774627,
            "Central": 0.05095742924411819,
            "Parietal": 0.04757199599412088,
            "Temporal": 0.043597879186619296,
            "Occipital": 0.04917056831642508
        },
        "Beta": {
            "Frontal": 0.040415365406692,
            "Central": 0.049019349928424945,
            "Parietal": 0.044211836684794795,
            "Temporal": 0.045971542144010134,
            "Occipital": 0.04465002039534417
        },
        "Gamma": {
            "Frontal": 0.00815960143210443,
            "Central": 0.010427829516203782,
            "Parietal": 0.0091575462185846,
            "Temporal": 0.008987735880168497,
            "Occipital": 0.009061365222865027
        }
    },
    "Counting task 2": {
        "Delta": {
            "Frontal": 0.756759540253043,
            "Central": 0.7431394356637726,
            "Parietal": 0.7428999610995393,
            "Temporal": 0.7480967353315645,
            "Occipital": 0.7423149401994686
        },
        "Theta": {
            "Frontal": 0.15709569956048297,
            "Central": 0.16618494548117266,
            "Parietal": 0.1679085186068579,
            "Temporal": 0.16345769508199542,
            "Occipital": 0.16786462611120645
        },
        "Alpha": {
            "Frontal": 0.05194046714470366,
            "Central": 0.05496171559575126,
            "Parietal": 0.05479948292708353,
            "Temporal": 0.0538987531548628,
            "Occipital": 0.055818337558795006
        },
        "Beta": {
            "Frontal": 0.03131310441226185,
            "Central": 0.03242957083661335,
            "Parietal": 0.03125605594344617,
            "Temporal": 0.03168856244307997,
            "Occipital": 0.03139371970666764
        },
        "Gamma": {
            "Frontal": 0.0028911886295084053,
            "Central": 0.0032843324226900757,
            "Parietal": 0.0031359814230731736,
            "Temporal": 0.002858253988497215,
            "Occipital": 0.002608376423862336
        }
    },
    "Imaginary defecation task": {
        "Delta": {
            "Frontal": 0.6482496310041107,
            "Central": 0.5905258787929936,
            "Parietal": 0.6083508465204419,
            "Temporal": 0.6155637581746334,
            "Occipital": 0.6172860933507534
        },
        "Theta": {
            "Frontal": 0.1671920261244381,
            "Central": 0.17898257304973822,
            "Parietal": 0.1828068419199439,
            "Temporal": 0.17813277914108755,
            "Occipital": 0.18562299103200924
        },
        "Alpha": {
            "Frontal": 0.10208966954286561,
            "Central": 0.10867866211294586,
            "Parietal": 0.1079226492177863,
            "Temporal": 0.11150934045681989,
            "Occipital": 0.1079928407440412
        },
        "Beta": {
            "Frontal": 0.07349459868744024,
            "Central": 0.10373804236039715,
            "Parietal": 0.08799810623411643,
            "Temporal": 0.08202512799995039,
            "Occipital": 0.0798934988526076
        },
        "Gamma": {
            "Frontal": 0.0089740746411454,
            "Central": 0.018074843683925222,
            "Parietal": 0.01292155610771144,
            "Temporal": 0.012768994227508875,
            "Occipital": 0.009204576020588651
        }
    },
    "Simulated defecation task": {
        "Delta": {
            "Frontal": 0.6682234647776244,
            "Central": 0.6441026533544943,
            "Parietal": 0.6561566392449558,
            "Temporal": 0.6268173035234904,
            "Occipital": 0.6453739390197579
        },
        "Theta": {
            "Frontal": 0.1655822012036783,
            "Central": 0.1765477669492365,
            "Parietal": 0.1713959509091566,
            "Temporal": 0.1784173575994843,
            "Occipital": 0.17296962348913697
        },
        "Alpha": {
            "Frontal": 0.09543991134132336,
            "Central": 0.09859723549116933,
            "Parietal": 0.09492424966723267,
            "Temporal": 0.10687263567231764,
            "Occipital": 0.09684311948903751
        },
        "Beta": {
            "Frontal": 0.06429700507913741,
            "Central": 0.07234130529709401,
            "Parietal": 0.06980210435401994,
            "Temporal": 0.07808284261255845,
            "Occipital": 0.07686547091941828
        },
        "Gamma": {
            "Frontal": 0.0064574175982365575,
            "Central": 0.008411038908005864,
            "Parietal": 0.007721055824634948,
            "Temporal": 0.009809860592149161,
            "Occipital": 0.007947847082649256
        }
    },