{
    "Resting task": {
        "Delta": {
            "Frontal": 0.337287546386522,
            "Central": 0.3983207980594461,
            "Parietal": 0.44226093424411533,
            "Temporal": 0.37447577955637246,
            "Occipital": 0.3771568691572323
        },
        "Theta": {
            "Frontal": 0.2247041108745437,
            "Central": 0.2348204033048009,
            "Parietal": 0.20360357424707148,
            "Temporal": 0.1935488993137399,
            "Occipital": 0.19634440294424166
        },
        "Alpha": {
            "Frontal": 0.19445144760709857,
            "Central": 0.17544686736112486,
            "Parietal": 0.1685633721155464,
            "Temporal": 0.17704522807259598,
            "Occipital": 0.22340041383498405
        },
        "Beta": {
            "Frontal": 0.21149255413991822,
            "Central": 0.1698149373191192,
            "Parietal": 0.1680407165052151,
            "Temporal": 0.222724985502656,
            "Occipital": 0.1868372667959576
        },
        "Gamma": {
            "Frontal": 0.03206434099191765,
            "Central": 0.021596993955508938,
            "Parietal": 0.01753140288805164,
            "Temporal": 0.03220510755463575,
            "Occipital": 0.016261047267584296
        }
    },
    "Counting task 1": {
        "Delta": {
            "Frontal": 0.40384193125437146,
            "Central": 0.5494887128955833,
            "Parietal": 0.6084611933684365,
            "Temporal": 0.4055197260822771,
            "Occipital": 0.3753068709357803
        },
        "Theta": {
            "Frontal": 0.20283210314631497,
            "Central": 0.16762413498211712,
            "Parietal": 0.14006271019107797,
            "Temporal": 0.1854765379711333,
            "Occipital": 0.21243856048906867
        },
        "Alpha": {
            "Frontal": 0.14814878909945853,
            "Central": 0.11455998252754195,
            "Parietal": 0.09326774660995477,
            "Temporal": 0.13631955539449742,
            "Occipital": 0.15385977802367312
        },
        "Beta": {
            "Frontal": 0.20603877025976516,
            "Central": 0.14834180606708317,
            "Parietal": 0.1441317673291425,
            "Temporal": 0.23878170346728225,
            "Occipital": 0.2387799693251757
        },
        "Gamma": {
            "Frontal": 0.03913840624009002,
            "Central": 0.019985363527674417,
            "Parietal": 0.014076582501388291,
            "Temporal": 0.03390247708480991,
            "Occipital": 0.019614821226302204
        }
    },
    "Word formation task": {
        "Delta": {
            "Frontal": 0.38667021294574616,
            "Central": 0.5163862584905331,
            "Parietal": 0.5337476530680453,
            "Temporal": 0.3935524139135048,
            "Occipital": 0.335652337444505
        },
        "Theta": {
            "Frontal": 0.18230333386502137,
            "Central": 0.16097694965616283,
            "Parietal": 0.14630994782070567,
            "Temporal": 0.17672653214472,
            "Occipital": 0.19404249200569548
        },
        "Alpha": {
            "Frontal": 0.1630808271298976,
            "Central": 0.13528565757123076,
            "Parietal": 0.12914286246663187,
            "Temporal": 0.14926159394777846,
            "Occipital": 0.20944282208900833
        },
        "Beta": {
            "Frontal": 0.2383462460089768,
            "Central": 0.17222794563858,
            "Parietal": 0.1783178328873419,
            "Temporal": 0.2513916236974306,
            "Occipital": 0.24512663479004498
        },
        "Gamma": {
            "Frontal": 0.029599380050357955,
            "Central": 0.015123188643493223,
            "Parietal": 0.012481703757275385,
            "Temporal": 0.029067836296565962,
            "Occipital": 0.01573571367074624
        }
    },
    "Counting task 2": {
        "Delta": {
            "Frontal": 0.37073960497715425,
            "Central": 0.4294026811208886,
            "Parietal": 0.4882290560436565,
            "Temporal": 0.37195819934172497,
            "Occipital": 0.3540853902818669
        },
        "Theta": {
            "Frontal": 0.16410738822283708,
            "Central": 0.17397445685331542,
            "Parietal": 0.17144179311154772,
            "Temporal": 0.1843937666231065,
            "Occipital": 0.18050405533818564
        },
        "Alpha": {
            "Frontal": 0.23845378576893655,
            "Central": 0.20657456182570813,
            "Parietal": 0.16988320092091552,
            "Temporal": 0.1949565218873674,
            "Occipital": 0.24838714659101616
        },
        "Beta": {
            "Frontal": 0.20211437093240447,
            "Central": 0.17501349414747477,
            "Parietal": 0.15888948662676874,
            "Temporal": 0.2252975346067195,
            "Occipital": 0.20314177441999123
        },
        "Gamma": {
            "Frontal": 0.02458485009866762,
            "Central": 0.015034806052613184,
            "Parietal": 0.01155646329711154,
            "Temporal": 0.023393977541081544,
            "Occipital": 0.013881633368940018
        }
    },
    "Imaginary defecation task": {
        "Delta": {
            "Frontal": 0.3711250501096471,
            "Central": 0.4481405755491107,
            "Parietal": 0.4659297004038397,
            "Temporal": 0.38478301629698,
            "Occipital": 0.2863726195247706
        },
        "Theta": {
            "Frontal": 0.21410397508691897,
            "Central": 0.2126357618853458,
            "Parietal": 0.20490859416880466,
            "Temporal": 0.18606107818091122,
            "Occipital": 0.24082388666331372
        },
        "Alpha": {
            "Frontal": 0.16732359692669072,
            "Central": 0.14649059542758383,
            "Parietal": 0.1379439088334115,
            "Temporal": 0.15622892756357357,
            "Occipital": 0.20997054315742586
        },
        "Beta": {
            "Frontal": 0.20600550208985643,
            "Central": 0.17054906724706884,
            "Parietal": 0.17288788453508233,
            "Temporal": 0.23466736369697955,
            "Occipital": 0.23979151364639437
        },
        "Gamma": {
            "Frontal": 0.041441875786886795,
            "Central": 0.022183999890890812,
            "Parietal": 0.01832991205886179,
            "Temporal": 0.03825961426155568,
            "Occipital": 0.023041437008095415
        }
    },
    "Simulated defecation task": {
        "Delta": {
            "Frontal": 0.34259089199820175,
            "Central": 0.37591612713093364,
            "Parietal": 0.4178160443725534,
            "Temporal": 0.31879300403430927,
            "Occipital": 0.2410798175086092
        },
        "Theta": {
            "Frontal": 0.17512939249164394,
            "Central": 0.17560397601294322,
            "Parietal": 0.14833514168406847,
            "Temporal": 0.17749837245412248,
            "Occipital": 0.17068885227078456
        },
        "Alpha": {
            "Frontal": 0.20563877063558977,
            "Central": 0.18747358523452254,
            "Parietal": 0.1826790989761905,
            "Temporal": 0.19831242574405805,
            "Occipital": 0.2650154403318485
        },
        "Beta": {
            "Frontal": 0.24741470440765348,
            "Central": 0.24338627257844703,
            "Parietal": 0.23831994409650842,
            "Temporal": 0.27693848832610485,
            "Occipital": 0.308626180111553
        },
        "Gamma": {
            "Frontal": 0.029226240466911017,
            "Central": 0.017620039043153533,
            "Parietal": 0.01284977087067925,
            "Temporal": 0.028457709441405337,
            "Occipital": 0.0145897097772047
        }
    },