{
    "Resting task": {
        "Delta": {
            "Frontal": 0.5273480319048808,
            "Central": 0.37069090551580874,
            "Parietal": 0.5649994126445603,
            "Temporal": 0.6397781095154077,
            "Occipital": 0.6166166070492862
        },
        "Theta": {
            "Frontal": 0.1503724805276938,
            "Central": 0.15559404586519227,
            "Parietal": 0.15509847679858063,
            "Temporal": 0.14471062879936988,
            "Occipital": 0.17150665811273336
        },
        "Alpha": {
            "Frontal": 0.23320890886272744,
            "Central": 0.36458016768751056,
            "Parietal": 0.21042050831765224,
            "Temporal": 0.13630265828640542,
            "Occipital": 0.15339564941584868
        },
        "Beta": {
            "Frontal": 0.0756841186181251,
            "Central": 0.09192569700519969,
            "Parietal": 0.06063421739260053,
            "Temporal": 0.0665816030549153,
            "Occipital": 0.051108565385441174
        },
        "Gamma": {
            "Frontal": 0.013386460086572924,
            "Central": 0.017209183926288844,
            "Parietal": 0.008847384846606361,
            "Temporal": 0.012627000343901764,
            "Occipital": 0.00737252003669062
        }
    },
    "Counting task 1": {
        "Delta": {
            "Frontal": 0.25402672274922866,
            "Central": 0.2540176417219597,
            "Parietal": 0.265416988734795,
            "Temporal": 0.36919347022367766,
            "Occipital": 0.28589407101421416
        },
        "Theta": {
            "Frontal": 0.2994079573664011,
            "Central": 0.2475911053883797,
            "Parietal": 0.30585112821174565,
            "Temporal": 0.255822338544495,
            "Occipital": 0.38764440705209524
        },
        "Alpha": {
            "Frontal": 0.17312337200212682,
            "Central": 0.1893701978354712,
            "Parietal": 0.20970867768628418,
            "Temporal": 0.14073374624643847,
            "Occipital": 0.12152896460598021
        },
        "Beta": {
            "Frontal": 0.22585670252463766,
            "Central": 0.26066195342305415,
            "Parietal": 0.18009199238096998,
            "Temporal": 0.19169568263803732,
            "Occipital": 0.16869008874519983
        },
        "Gamma": {
            "Frontal": 0.047585245357605825,
            "Central": 0.048359101631135284,
            "Parietal": 0.03893121298620509,
            "Temporal": 0.04255476234735161,
            "Occipital": 0.03624246858251065
        }
    },
    "Word formation task": {
        "Delta": {
            "Frontal": 0.5050417466365359,
            "Central": 0.42755791710207464,
            "Parietal": 0.540679787108274,
            "Temporal": 0.5871829326075599,
            "Occipital": 0.5611602024809639
        },
        "Theta": {
            "Frontal": 0.23984284542571804,
            "Central": 0.1763695108731138,
            "Parietal": 0.1975901739343381,
            "Temporal": 0.17599251648706268,
            "Occipital": 0.2120738006842265
        },
        "Alpha": {
            "Frontal": 0.1172682927386407,
            "Central": 0.1839376823274601,
            "Parietal": 0.0965372791844894,
            "Temporal": 0.07675755397980488,
            "Occipital": 0.10799766616864785
        },
        "Beta": {
            "Frontal": 0.1065608456291318,
            "Central": 0.16659867030901807,
            "Parietal": 0.12818771881035296,
            "Temporal": 0.11397578915975745,
            "Occipital": 0.0946360657632053
        },
        "Gamma": {
            "Frontal": 0.03128626956997367,
            "Central": 0.04553621938833334,
            "Parietal": 0.03700504096254563,
            "Temporal": 0.04609120776581503,
            "Occipital": 0.024132264902956474
        }
    },
    "Counting task 2": {
        "Delta": {
            "Frontal": 0.4835453647157324,
            "Central": 0.40408034704515455,
            "Parietal": 0.44109922287496794,
            "Temporal": 0.5303350207149917,
            "Occipital": 0.5484824475244847
        },
        "Theta": {
            "Frontal": 0.2850929367716089,
            "Central": 0.2802681212984451,
            "Parietal": 0.32042161663446705,
            "Temporal": 0.25662074902660914,
            "Occipital": 0.26291152754324787
        },
        "Alpha": {
            "Frontal": 0.10236110840309666,
            "Central": 0.12499403668553846,
            "Parietal": 0.1150161050936718,
            "Temporal": 0.082267723443307,
            "Occipital": 0.0766193656370055
        },
        "Beta": {
            "Frontal": 0.10357935731767269,
            "Central": 0.15462283230493518,
            "Parietal": 0.0987245022964566,
            "Temporal": 0.10355964217477356,
            "Occipital": 0.09043261617421869
        },
        "Gamma": {
            "Frontal": 0.025421232791889396,
            "Central": 0.03603466266592675,
            "Parietal": 0.02473855310043661,
            "Temporal": 0.02721686464031864,
            "Occipital": 0.021554043121043195
        }
    },
    "Imaginary defecation task": {
        "Delta": {
            "Frontal": 0.8025691974201417,
            "Central": 0.6774670843607565,
            "Parietal": 0.7423188100830278,
            "Temporal": 0.7452992527380092,
            "Occipital": 0.6824710530573674
        },
        "Theta": {
            "Frontal": 0.10204074457336748,
            "Central": 0.094804654003404,
            "Parietal": 0.13160659230956698,
            "Temporal": 0.12893819666474807,
            "Occipital": 0.17678331870312797
        },
        "Alpha": {
            "Frontal": 0.06777363641369458,
            "Central": 0.1769089561566221,
            "Parietal": 0.08100259682161891,
            "Temporal": 0.0681193746763513,
            "Occipital": 0.06959991563793416
        },
        "Beta": {
            "Frontal": 0.02365605427011686,
            "Central": 0.0424217965399448,
            "Parietal": 0.03703462689501749,
            "Temporal": 0.048012881685473185,
            "Occipital": 0.0602594802762836
        },
        "Gamma": {
            "Frontal": 0.0039603673226793965,
            "Central": 0.008397508939272599,
            "Parietal": 0.008037373890768891,
            "Temporal": 0.009630294235418146,
            "Occipital": 0.010886232325286793
        }
    },
    "Simulated defecation task": {
        "Delta": {
            "Frontal": 0.815129476559977,
            "Central": 0.7382332870283951,
            "Parietal": 0.7386194916757836,
            "Temporal": 0.6829373194638805,
            "Occipital": 0.6862398210848814
        },
        "Theta": {
            "Frontal": 0.10140611261220774,
            "Central": 0.09808608343865617,
            "Parietal": 0.1325579273654045,
            "Temporal": 0.15231310506318566,
            "Occipital": 0.1474485442917821
        },
        "Alpha": {
            "Frontal": 0.04158420719726175,
            "Central": 0.09155112491195898,
            "Parietal": 0.06517828920701015,
            "Temporal": 0.07321873896461892,
            "Occipital": 0.0940064562393838
        },
        "Beta": {
            "Frontal": 0.036301106569588806,
            "Central": 0.06247633713845046,
            "Parietal": 0.05259996217995042,
            "Temporal": 0.07845364093722293,
            "Occipital": 0.06323480197371018
        },
        "Gamma": {
            "Frontal": 0.005579097060964739,
            "Central": 0.009653167482539231,
            "Parietal": 0.011044329571851355,
            "Temporal": 0.013077195571092066,
            "Occipital": 0.009070376410242612
        }
    },